regulon	gene	cor	p	r2	Ensembl	in_Oxphos_68_Porcelli_list	is_in_TF_list
SCENIC_exd_activating_regulon	exd	0.808573098744	0	0.653790456012474	FBgn0000611	FALSE	TRUE
SCENIC_Usf_activating_regulon	Usf	0.778523013010498	0	0.606098081786945	FBgn0029711	FALSE	TRUE
SCENIC_CG12054_activating_regulon	CG12054	0.76705029023847	0	0.588366147754921	FBgn0039831	FALSE	TRUE
SCENIC_CG11247_activating_regulon	CG11247	0.764570713255809	0	0.584568375568496	FBgn0037120	FALSE	TRUE
SCENIC_FoxK_activating_regulon	FoxK	0.761765425853041	0	0.580286564025065	FBgn0036134	FALSE	TRUE
SCENIC_CG10462_activating_regulon	CG10462	0.747000955564085	0	0.558010427613657	FBgn0032815	FALSE	TRUE
SCENIC_D1_activating_regulon	D1	0.707442256610419	0	0.500474546438041	FBgn0000412	FALSE	TRUE
SCENIC_Dp_activating_regulon	Dp	0.704325387192735	0	0.496074251044196	FBgn0011763	FALSE	TRUE
SCENIC_usp_activating_regulon	usp	0.700310954058095	0	0.49043543237376	FBgn0003964	FALSE	TRUE
SCENIC_kay_activating_regulon	kay	0.681731948040042	0	0.464758448978471	FBgn0001297	FALSE	TRUE
SCENIC_Dlip1_activating_regulon	Dlip1	0.658557061826925	0	0.433697403682112	FBgn0040467	FALSE	TRUE
SCENIC_maf-S_activating_regulon	maf-S	0.651806369737915	0	0.424851543630919	FBgn0034534	FALSE	TRUE
SCENIC_pzg_activating_regulon	pzg	0.646250136965279	0	0.417639239527642	FBgn0259785	FALSE	TRUE
SCENIC_CG17385_activating_regulon	CG17385	0.638371333670618	0	0.407517959652404	FBgn0033934	FALSE	TRUE
SCENIC_HmgZ_activating_regulon	HmgZ	0.623649043939288	0	0.388938130006388	FBgn0010228	FALSE	TRUE
SCENIC_Aef1_activating_regulon	Aef1	0.616286941131189	0	0.379809593808838	FBgn0005694	FALSE	TRUE
SCENIC_emc_activating_regulon	emc	0.611048819388848	0	0.373380659676505	FBgn0000575	FALSE	TRUE
SCENIC_D19B_activating_regulon	D19B	0.60116333198849	0	0.361397351727504	FBgn0022699	FALSE	TRUE
SCENIC_CG7987_activating_regulon	CG7987	0.594153515044125	0	0.353018399439289	FBgn0038244	FALSE	TRUE
SCENIC_CG31388_activating_regulon	CG31388	0.593789485354871	0	0.352585952918002	FBgn0051388	FALSE	TRUE
SCENIC_Smox_activating_regulon	Smox	0.589627717254839	0	0.347660844955152	FBgn0025800	FALSE	TRUE
SCENIC_CG11617_activating_regulon	CG11617	0.586880393512741	0	0.344428596289669	FBgn0031232	FALSE	TRUE
SCENIC_SREBP_activating_regulon	SREBP	0.584687664129113	0	0.341859664584759	FBgn0261283	FALSE	TRUE
SCENIC_Xbp1_activating_regulon	Xbp1	0.582132887413693	0	0.338878698608604	FBgn0021872	FALSE	TRUE
SCENIC_Ets97D_activating_regulon	Ets97D	0.580162740666876	0	0.336588805658101	FBgn0004510	FALSE	TRUE
SCENIC_REPTOR-BP_activating_regulon	REPTOR-BP	0.575467014320551	0	0.33116228457101	FBgn0032202	FALSE	TRUE
SCENIC_CG4617_activating_regulon	CG4617	0.56864903687755	0	0.323361727141765	FBgn0029936	FALSE	TRUE
SCENIC_Kah_activating_regulon	Kah	0.548229817359441	0	0.300555932641966	FBgn0035144	FALSE	TRUE
SCENIC_Jra_activating_regulon	Jra	0.542016999032219	0	0.293782427239893	FBgn0001291	FALSE	TRUE
SCENIC_Sry-delta_activating_regulon	Sry-delta	0.534742645165014	0	0.285949696558076	FBgn0003512	FALSE	TRUE
SCENIC_Hr96_activating_regulon	Hr96	0.533758088380619	0	0.284897696911733	FBgn0015240	FALSE	TRUE
SCENIC_Nf-YB_activating_regulon	Nf-YB	0.528178521230585	0	0.278972550289328	FBgn0032816	FALSE	TRUE
SCENIC_Rel_activating_regulon	Rel	0.516119199438561	0	0.266379028029101	FBgn0014018	FALSE	TRUE
SCENIC_Max_activating_regulon	Max	0.514105294245984	0	0.26430425357175	FBgn0017578	FALSE	TRUE
SCENIC_crol_activating_regulon	crol	0.511283358679335	0	0.261410672862422	FBgn0020309	FALSE	TRUE
SCENIC_crc_activating_regulon	crc	0.50780067427586	0	0.257861524795018	FBgn0000370	FALSE	TRUE
SCENIC_stc_activating_regulon	stc	0.505556573133396	0	0.255587448638383	FBgn0001978	FALSE	TRUE
SCENIC_CG9727_activating_regulon	CG9727	0.498851512285933	0	0.248852831309962	FBgn0037445	FALSE	TRUE
SCENIC_Med_activating_regulon	Med	0.498726969999728	0	0.24872859060511	FBgn0011655	FALSE	TRUE
SCENIC_ssp_activating_regulon	ssp	0.484376303169682	0	0.234620403072328	FBgn0036248	FALSE	TRUE
SCENIC_wdn_activating_regulon	wdn	0.480660659394948	0	0.231034669489986	FBgn0005642	FALSE	TRUE
SCENIC_CG10959_activating_regulon	CG10959	0.467280907492502	0	0.218351446507016	FBgn0030010	FALSE	TRUE
SCENIC_lmd_activating_regulon	lmd	0.459144609423998	0	0.210813772363115	FBgn0039039	FALSE	TRUE
SCENIC_crp_activating_regulon	crp	0.452514803398407	0	0.204769647294699	FBgn0001994	FALSE	TRUE
SCENIC_CG32121_activating_regulon	CG32121	0.445296182655308	0	0.19828869028739	FBgn0052121	FALSE	TRUE
SCENIC_CG18476_activating_regulon	CG18476	0.444825611587618	0	0.197869824724298	FBgn0037931	FALSE	TRUE
SCENIC_CG14655_activating_regulon	CG14655	0.441050753971377	0	0.19452576757872	FBgn0037275	FALSE	TRUE
SCENIC_nau_activating_regulon	nau	0.43631403354435	0	0.19036993586774	FBgn0002922	FALSE	TRUE
SCENIC_CG2202_activating_regulon	CG2202	0.430648790762851	0	0.185458380985506	FBgn0030240	FALSE	TRUE
SCENIC_CG12104_activating_regulon	CG12104	0.424427950137622	0	0.180139084858024	FBgn0035238	FALSE	TRUE
SCENIC_Stat92E_activating_regulon	Stat92E	0.413416652328853	0	0.170913328422796	FBgn0016917	FALSE	TRUE
SCENIC_Poxm_activating_regulon	Poxm	0.408740735010094	0	0.167068988456592	FBgn0003129	FALSE	TRUE
SCENIC_her_activating_regulon	her	0.403273021576022	0	0.162629129931055	FBgn0001185	FALSE	TRUE
SCENIC_CG15514_activating_regulon	CG15514	0.393889377960618	0	0.155148842070202	FBgn0039712	FALSE	TRUE
SCENIC_hb_activating_regulon	hb	0.38748118107917	0	0.150141665690508	FBgn0001180	FALSE	TRUE
SCENIC_polybromo_activating_regulon	polybromo	0.382596916325232	0	0.146380400381576	FBgn0039227	FALSE	TRUE
SCENIC_Pph13_activating_regulon	Pph13	0.379031214058717	0	0.143664661230825	FBgn0023489	FALSE	TRUE
SCENIC_CG9305_activating_regulon	CG9305	0.376911418331673	0	0.142062217268793		FALSE	TRUE
SCENIC_grau_activating_regulon	grau	0.365946401169787	0	0.133916768529119	FBgn0001133	FALSE	TRUE
SCENIC_slbo_activating_regulon	slbo	0.355434782853234	0	0.126333884861926	FBgn0005638	FALSE	TRUE
SCENIC_CG11695_activating_regulon	CG11695	0.355040223397125	0	0.126053560229881	FBgn0030316	FALSE	TRUE
SCENIC_CG10321_activating_regulon	CG10321	0.351290892783851	0	0.123405291352875	FBgn0034643	FALSE	TRUE
SCENIC_CG30431_activating_regulon	CG30431	0.312289017953506	0	0.0975244307343652	FBgn0050431	FALSE	TRUE
SCENIC_Pdp1_activating_regulon	Pdp1	0.311395056089997	0	0.0969668809572924	FBgn0016694	FALSE	TRUE
SCENIC_Cp190_activating_regulon	Cp190	0.309059460607085	0	0.0955177501907422	FBgn0000283	FALSE	TRUE
SCENIC_Mrtf_activating_regulon	Mrtf	0.307210117703412	0	0.0943780564193444	FBgn0052296	FALSE	TRUE
SCENIC_Bap111_activating_regulon	Bap111	0.299425643486659	0	0.0896557159773996	FBgn0030093	FALSE	TRUE
SCENIC_CG3847_activating_regulon	CG3847	0.298868682492496	0	0.0893224893748005	FBgn0029867	FALSE	TRUE
SCENIC_CG4360_activating_regulon	CG4360	0.293254476701013	0	0.0859981881051847	FBgn0038787	FALSE	TRUE
SCENIC_CG9876_activating_regulon	CG9876	0.287902415292409	0	0.0828878007312029	FBgn0034821	FALSE	TRUE
SCENIC_srp_activating_regulon	srp	0.287779241365066	0	0.0828168917606529	FBgn0003507	FALSE	TRUE
SCENIC_Clamp_activating_regulon	Clamp	0.282800086792221	0	0.0799758890896879	FBgn0032979	FALSE	TRUE
SCENIC_CG8944_activating_regulon	CG8944	0.277013132710888	0	0.0767362756943001	FBgn0030680	FALSE	TRUE
SCENIC_Sox14_activating_regulon	Sox14	0.276689676644737	0	0.0765571771617689	FBgn0005612	FALSE	TRUE
SCENIC_woc_activating_regulon	woc	0.273410557816128	0	0.0747533331253265	FBgn0010328	FALSE	TRUE
SCENIC_lab_activating_regulon	lab	0.267856571426478	0	0.071747142856348	FBgn0002522	FALSE	TRUE
SCENIC_noc_activating_regulon	noc	0.263060211619646	0	0.0692006749373728	FBgn0005771	FALSE	TRUE
SCENIC_CG18446_activating_regulon	CG18446	0.261232474755807	0	0.0682424058670434		FALSE	TRUE
SCENIC_vri_activating_regulon	vri	0.25165830466263	0	0.0633319023056693	FBgn0016076	FALSE	TRUE
SCENIC_CG1647_activating_regulon	CG1647	0.250235757366654	0	0.0626179342648628	FBgn0039602	FALSE	TRUE
SCENIC_CG14050_activating_regulon	CG14050	0.248906151523264	0	0.0619542722661222	FBgn0040392	FALSE	TRUE
SCENIC_drm_activating_regulon	drm	0.241552094970865	5.86823523212185e-305	0.0583474145848136	FBgn0024244	FALSE	TRUE
SCENIC_sd_activating_regulon	sd	0.239254181911539	4.72339591750012e-299	0.0572425635621597	FBgn0003345	FALSE	TRUE
SCENIC_toe_activating_regulon	toe	0.239055626981161	1.51908241767239e-298	0.0571475927913561	FBgn0036285	FALSE	TRUE
SCENIC_CG3032_activating_regulon	CG3032	0.228268819591269	1.09091705492901e-271	0.0521066539975913	FBgn0029928	FALSE	TRUE
SCENIC_Ssrp_activating_regulon	Ssrp	0.227967773790459	5.85542280163873e-271	0.0519693058869779	FBgn0010278	FALSE	TRUE
SCENIC_Trl_activating_regulon	Trl	0.225464861511828	6.21741059392125e-265	0.050834403776548	FBgn0013263	FALSE	TRUE
SCENIC_grh_activating_regulon	grh	0.222838398041446	1.09169269599963e-258	0.0496569516416779	FBgn0259211	FALSE	TRUE
SCENIC_sug_activating_regulon	sug	0.22231701178793	1.85399591288662e-257	0.0494248537303147	FBgn0033782	FALSE	TRUE
SCENIC_Atf3_activating_regulon	Atf3	0.210597828058024	1.20594154510004e-230	0.0443514451827571	FBgn0028550	FALSE	TRUE
SCENIC_CrebB_activating_regulon	CrebB	0.207998840941946	6.49985544889688e-225	0.0432635178331928	FBgn0265784	FALSE	TRUE
SCENIC_Opbp_activating_regulon	Opbp	0.2055906602818	1.13391404801525e-219	0.0422675195951066	FBgn0050443	FALSE	TRUE
SCENIC_cbt_activating_regulon	cbt	0.204061241621233	2.23413937112728e-216	0.041640990331999	FBgn0043364	FALSE	TRUE
SCENIC_svp_activating_regulon	svp	0.203768926673093	9.45691149107691e-216	0.0415217754775045	FBgn0003651	FALSE	TRUE
SCENIC_cnc_activating_regulon	cnc	0.202278362941384	1.43201300326475e-212	0.0409165361142461	FBgn0262975	FALSE	TRUE
SCENIC_bigmax_activating_regulon	bigmax	0.20182230443136	1.33020520091223e-211	0.0407322425659845	FBgn0039509	FALSE	TRUE
SCENIC_PHDP_activating_regulon	PHDP	0.19859721714546	7.97335800698637e-205	0.0394408546579211	FBgn0025334	FALSE	TRUE
SCENIC_CG31365_activating_regulon	CG31365	0.19825608080792	4.08941812464982e-204	0.0393054735773166	FBgn0051365	FALSE	TRUE
SCENIC_E(spl)m3-HLH_activating_regulon	E(spl)m3-HLH	0.19674584364639	5.48470455002378e-201	0.0387089269921297	FBgn0002609	FALSE	TRUE
SCENIC_CG10366_activating_regulon	CG10366	0.194647123465175	1.10284838827916e-196	0.0378875026732672	FBgn0032814	FALSE	TRUE
SCENIC_REPTOR_activating_regulon	REPTOR	0.194053250383936	1.78326087395965e-195	0.0376566639845705	FBgn0039209	FALSE	TRUE
SCENIC_dany_activating_regulon	dany	0.19354459259075	1.92007191140962e-194	0.0374595093211192	FBgn0050401	FALSE	TRUE
SCENIC_CG2199_activating_regulon	CG2199	0.187980686674773	2.41565652816648e-183	0.0353367385627192	FBgn0035213	FALSE	TRUE
SCENIC_E(spl)m7-HLH_activating_regulon	E(spl)m7-HLH	0.187331312174141	4.52787688382707e-182	0.0350930205208853	FBgn0002633	FALSE	TRUE
SCENIC_CG34376_activating_regulon	CG34376	0.184551611993828	1.12523071964279e-176	0.0340592974895205	FBgn0085405	FALSE	TRUE
SCENIC_Hsf_activating_regulon	Hsf	0.18382831786127	2.76067306814836e-175	0.0337928504477042	FBgn0001222	FALSE	TRUE
SCENIC_net_activating_regulon	net	0.183105479479704	6.6695043523445e-174	0.0335276166154923	FBgn0002931	FALSE	TRUE
SCENIC_E(spl)mgamma-HLH_activating_regulon	E(spl)mgamma-HLH	0.182871673667768	1.86300122156487e-173	0.0334420490300507	FBgn0002735	FALSE	TRUE
SCENIC_CG3407_activating_regulon	CG3407	0.174129488452188	3.28091303324639e-157	0.0303210787486208	FBgn0031573	FALSE	TRUE
SCENIC_Dr_activating_regulon	Dr	0.17398573236389	5.97148168966459e-157	0.0302710350661991	FBgn0000492	FALSE	TRUE
SCENIC_h_activating_regulon	h	0.171189632255178	6.16080593853132e-152	0.0293058901916632	FBgn0001168	FALSE	TRUE
SCENIC_CG32772_activating_regulon	CG32772	0.168972639227648	5.05579508734279e-148	0.0285517528075569	FBgn0052772	FALSE	TRUE
SCENIC_E2f2_activating_regulon	E2f2	0.167173582600523	6.92599343131115e-145	0.0279470067194937	FBgn0024371	FALSE	TRUE
SCENIC_ttk_activating_regulon	ttk	0.165713834725069	2.28860333668633e-142	0.0274610750192874	FBgn0003870	FALSE	TRUE
SCENIC_CG11560_activating_regulon	CG11560	0.162999678727052	9.58455214516076e-138	0.0265688952651222	FBgn0036249	FALSE	TRUE
SCENIC_Hnf4_activating_regulon	Hnf4	0.157638613303752	7.50880068976265e-129	0.0248499324043297	FBgn0004914	FALSE	TRUE
SCENIC_CG12219_activating_regulon	CG12219	0.154976978148291	1.49787931436479e-124	0.0240178637559758	FBgn0043796	FALSE	TRUE
SCENIC_GATAd_activating_regulon	GATAd	0.13614431008584	2.6566540822172e-96	0.0185352731687493	FBgn0032223	FALSE	TRUE
SCENIC_vnd_activating_regulon	vnd	0.132246529698763	6.28698936108944e-91	0.0174891446173657	FBgn0261930	FALSE	TRUE
SCENIC_CG13775_activating_regulon	CG13775	0.131559544851466	5.35729987715385e-90	0.0173079138415249	FBgn0031874	FALSE	TRUE
SCENIC_NC2beta_activating_regulon	NC2beta	0.128345807121348	1.03659259287725e-85	0.0164726462056302	FBgn0028926	FALSE	TRUE
SCENIC_CG7357_activating_regulon	CG7357	0.126517314195547	2.5462225998629e-83	0.0160066307912547		FALSE	TRUE
SCENIC_D19A_activating_regulon	D19A	0.125828258321869	1.98390241034959e-82	0.0158327505923149	FBgn0022935	FALSE	TRUE
SCENIC_CG6254_activating_regulon	CG6254	0.125150483937586	1.47798104653476e-81	0.0156626436298119	FBgn0037794	FALSE	TRUE
SCENIC_Myc_activating_regulon	Myc	0.121686191851943	3.56460021354485e-77	0.0148075292874278	FBgn0262656	FALSE	TRUE
SCENIC_disco_activating_regulon	disco	0.12051097793337	1.02336689366635e-75	0.0145228958024573	FBgn0000459	FALSE	TRUE
SCENIC_ro_activating_regulon	ro	0.119752961986201	8.76545635942882e-75	0.0143407719044686	FBgn0003267	FALSE	TRUE
SCENIC_CG8319_activating_regulon	CG8319	0.11913817329464	4.95282826830458e-74	0.0141939043359837	FBgn0037722	FALSE	TRUE
SCENIC_CG8301_activating_regulon	CG8301	0.118297673089622	5.2076528961284e-73	0.0139943394584191	FBgn0037717	FALSE	TRUE
SCENIC_Dref_activating_regulon	Dref	0.11827332564978	5.5735354442066e-73	0.013988579560259	FBgn0015664	FALSE	TRUE
SCENIC_sqz_activating_regulon	sqz	0.112426410840289	4.44934080210068e-66	0.0126396978544294	FBgn0010768	FALSE	TRUE
SCENIC_CG31441_activating_regulon	CG31441	0.11050180423307	6.954064421844e-64	0.0122106487387637	FBgn0051441	FALSE	TRUE
SCENIC_Crg-1_activating_regulon	Crg-1	0.107675913725932	9.85722706045564e-61	0.0115941023967143	FBgn0021738	FALSE	TRUE
SCENIC_H2.0_activating_regulon	H2.0	0.107555634620594	1.3367560422832e-60	0.0115682145386388	FBgn0001170	FALSE	TRUE
SCENIC_Fer3_activating_regulon	Fer3	0.105906422406001	8.4121295976108e-59	0.0112161703068383	FBgn0037937	FALSE	TRUE
SCENIC_Pbp95_activating_regulon	Pbp95	0.104919945808233	9.71412194025939e-58	0.0110081950284026	FBgn0037540	FALSE	TRUE
SCENIC_CG12236_activating_regulon	CG12236	0.103090379147257	8.53620598559465e-56	0.0106276262727252	FBgn0029822	FALSE	TRUE
SCENIC_Zif_activating_regulon	Zif	0.100969746214343	1.38362296066211e-53	0.0101948896505888	FBgn0037446	FALSE	TRUE
SCENIC_CG4820_activating_regulon	CG4820	0.0981364991302339	1.04905829595687e-50	0.00963077246153841	FBgn0037876	FALSE	TRUE
SCENIC_nom_activating_regulon	nom	0.0942145892634864	7.42146790578659e-47	0.00887638883008744	FBgn0037617	FALSE	TRUE
SCENIC_danr_activating_regulon	danr	0.0934694786728084	3.83685378505051e-46	0.00873654344336658	FBgn0039283	FALSE	TRUE
SCENIC_ken_activating_regulon	ken	0.092326736144309	4.64646367545272e-45	0.00852422620706086	FBgn0011236	FALSE	TRUE
SCENIC_CG1602_activating_regulon	CG1602	0.0917872260986584	1.49221760761169e-44	0.00842489487488625	FBgn0033186	FALSE	TRUE
SCENIC_zf30C_activating_regulon	zf30C	0.0907125496482633	1.49369486442589e-43	0.00822876666368863	FBgn0270924	FALSE	TRUE
SCENIC_cyc_activating_regulon	cyc	0.0903305884992859	3.36494412474932e-43	0.00815961521862732	FBgn0023094	FALSE	TRUE
SCENIC_CG33213_activating_regulon	CG33213	0.0884938402779057	1.59289407041776e-41	0.00783115976713149	FBgn0053213	FALSE	TRUE
SCENIC_CG44002_activating_regulon	CG44002	0.0851135403597061	1.56614078667972e-38	0.00724431475256332	FBgn0264744	FALSE	TRUE
SCENIC_ci_activating_regulon	ci	0.0847499565411623	3.2340886250421e-38	0.00718255513372889	FBgn0004859	FALSE	TRUE
SCENIC_Myb_activating_regulon	Myb	0.0825663610054154	2.35863937095309e-36	0.00681720396967657	FBgn0002914	FALSE	TRUE
SCENIC_peb_activating_regulon	peb	0.0824174289885936	3.14736116241621e-36	0.00679263260108987	FBgn0003053	FALSE	TRUE
SCENIC_Hand_activating_regulon	Hand	0.0820395018262139	6.5290654966742e-36	0.00673047985989336	FBgn0032209	FALSE	TRUE
SCENIC_gsb-n_activating_regulon	gsb-n	0.0811065554274195	3.89866156540834e-35	0.00657827333330106	FBgn0001147	FALSE	TRUE
SCENIC_M1BP_activating_regulon	M1BP	0.0807663585466534	7.44210777270169e-35	0.00652320467288657	FBgn0037621	FALSE	TRUE
SCENIC_E(spl)mbeta-HLH_activating_regulon	E(spl)mbeta-HLH	0.0723992420237261	2.54985599701805e-28	0.00524165024561007	FBgn0002733	FALSE	TRUE
SCENIC_CG10274_activating_regulon	CG10274	0.0721463697129698	3.91682874082729e-28	0.00520509866276052	FBgn0035690	FALSE	TRUE
SCENIC_Doc1_activating_regulon	Doc1	0.0713549656993375	1.48651976143826e-27	0.00509153112995363	FBgn0028789	FALSE	TRUE
SCENIC_kni_activating_regulon	kni	0.070871009278486	3.33621200271258e-27	0.00502269995615124	FBgn0001320	FALSE	TRUE
SCENIC_Hmx_activating_regulon	Hmx	0.0697667855333707	2.06737155719741e-26	0.00486740436365934	FBgn0264005	FALSE	TRUE
SCENIC_CG8478_activating_regulon	CG8478	0.0694075798514567	3.71918937795024e-26	0.00481741214083633	FBgn0037746	FALSE	TRUE
SCENIC_Sox100B_activating_regulon	Sox100B	0.0690894439230954	6.2406259441252e-26	0.00477335126160255	FBgn0024288	FALSE	TRUE
SCENIC_so_activating_regulon	so	0.0690694513854178	6.4464365748073e-26	0.00477058911468259	FBgn0003460	FALSE	TRUE
SCENIC_CG1233_activating_regulon	CG1233	0.0677773679364065	5.14580787897216e-25	0.00459377160438702	FBgn0035137	FALSE	TRUE
SCENIC_Br140_activating_regulon	Br140	0.0652510824970256	2.67012468857305e-23	0.00425770376703364	FBgn0033155	FALSE	TRUE
SCENIC_CG14710_activating_regulon	CG14710	0.0650558745174963	3.60058419617383e-23	0.00423226680923622	FBgn0037920	FALSE	TRUE
SCENIC_lms_activating_regulon	lms	0.0648879795118995	4.6530695751827e-23	0.00421044988513669	FBgn0034520	FALSE	TRUE
SCENIC_retn_activating_regulon	retn	0.0643088298670067	1.1212743189015e-22	0.00413562559886362	FBgn0004795	FALSE	TRUE
SCENIC_az2_activating_regulon	az2	0.0637637204670325	2.54765569250557e-22	0.00406581204779786	FBgn0025185	FALSE	TRUE
SCENIC_CTCF_activating_regulon	CTCF	0.0570550213134849	3.52865679048377e-18	0.00325527545708221	FBgn0035769	FALSE	TRUE
SCENIC_lz_activating_regulon	lz	0.056846663209777	4.66646362573584e-18	0.00323154311808581	FBgn0002576	FALSE	TRUE
SCENIC_CG12659_activating_regulon	CG12659	0.0562678639130063	1.00897214027086e-17	0.0031660725093326	FBgn0040929	FALSE	TRUE
SCENIC_Atf-2_activating_regulon	Atf-2	0.0561132643537125	1.2381150623525e-17	0.00314869843642962	FBgn0265193	FALSE	TRUE
SCENIC_salm_activating_regulon	salm	0.0536655358233778	2.93808007485969e-16	0.00287998973521024	FBgn0261648	FALSE	TRUE
SCENIC_term_activating_regulon	term	0.051778366505105	3.07211586858569e-15	0.00268099923793698	FBgn0003683	FALSE	TRUE
SCENIC_gcm_activating_regulon	gcm	0.0491930412190128	6.70088484758748e-14	0.0024199553043755	FBgn0014179	FALSE	TRUE
SCENIC_CG7386_activating_regulon	CG7386	0.0468128127269848	9.992354073256e-13	0.00219143943541175	FBgn0035691	FALSE	TRUE
SCENIC_gcm2_activating_regulon	gcm2	0.0457935466495317	3.05456026011803e-12	0.00209704891474283	FBgn0019809	FALSE	TRUE
SCENIC_CG15073_activating_regulon	CG15073	0.0449317465714399	7.71255338488326e-12	0.0020188618499601	FBgn0034379	FALSE	TRUE
SCENIC_ems_activating_regulon	ems	0.0436579482221913	2.93926260797517e-11	0.00190601644297154	FBgn0000576	FALSE	TRUE
SCENIC_Mabi_activating_regulon	Mabi	0.0425811216801592	8.84855821874775e-11	0.00181315192354052	FBgn0032493	FALSE	TRUE
SCENIC_brk_activating_regulon	brk	0.0420115730547089	1.56812893535617e-10	0.00176497227053114	FBgn0024250	FALSE	TRUE
SCENIC_CHES-1-like_activating_regulon	CHES-1-like	0.041742993602634	2.04859160989982e-10	0.00174247751490955	FBgn0029504	FALSE	TRUE
SCENIC_croc_activating_regulon	croc	0.0405275125747384	6.72715632588833e-10	0.00164247927549558	FBgn0014143	FALSE	TRUE
SCENIC_vis_activating_regulon	vis	0.0376511892386053	9.80974118396533e-09	0.00141761205108127	FBgn0033748	FALSE	TRUE
SCENIC_dsx_activating_regulon	dsx	0.0372496276294418	1.40491566932578e-08	0.00138753475853207	FBgn0000504	FALSE	TRUE
SCENIC_CG17186_activating_regulon	CG17186	0.0367173337884198	2.24896148128943e-08	0.00134816260053024	FBgn0038741	FALSE	TRUE
SCENIC_wek_activating_regulon	wek	0.0363207426426899	3.17987563423835e-08	0.00131919634611651	FBgn0001990	FALSE	TRUE
SCENIC_Eip93F_activating_regulon	Eip93F	0.0355632798335477	6.10131216124339e-08	0.00126474687251922	FBgn0264490	FALSE	TRUE
SCENIC_su(Hw)_activating_regulon	su(Hw)	0.0353537687964397	7.2896870892448e-08	0.00124988896811211	FBgn0003567	FALSE	TRUE
SCENIC_bin_activating_regulon	bin	0.0351285020061528	8.81710637630436e-08	0.00123401165319628	FBgn0045759	FALSE	TRUE
SCENIC_CG2116_activating_regulon	CG2116	0.0328770647647452	5.54281534166787e-07	0.00108090138754525	FBgn0030003	FALSE	TRUE
SCENIC_CG7101_activating_regulon	CG7101	0.0308204987400495	2.68996974825994e-06	0.000949903142585395	FBgn0030963	FALSE	TRUE
SCENIC_CG6689_activating_regulon	CG6689	0.0298409618449621	5.52099823860458e-06	0.000890483003832482	FBgn0037877	FALSE	TRUE
SCENIC_CG7372_activating_regulon	CG7372	0.0297091409892325	6.07197136795345e-06	0.000882633058318093		FALSE	TRUE
SCENIC_hkb_activating_regulon	hkb	0.0287519823874551	1.19741514068274e-05	0.00082667649120853	FBgn0261434	FALSE	TRUE
SCENIC_CG14711_activating_regulon	CG14711	0.0285656705721585	1.36338403194495e-05	0.000815997535237084	FBgn0037922	FALSE	TRUE
SCENIC_CG15435_activating_regulon	CG15435	0.0270067040745009	3.91898573931277e-05	0.000729362064967661	FBgn0031608	FALSE	TRUE
SCENIC_ranshi_activating_regulon	ranshi	0.0268673103736384	4.29568838423163e-05	0.000721852366713417	FBgn0037620	FALSE	TRUE
SCENIC_dl_activating_regulon	dl	0.0261262464874007	6.9469811928625e-05	0.000682580755520415	FBgn0260632	FALSE	TRUE
SCENIC_phol_activating_regulon	phol	0.0224705231999726	0.000623211248988691	0.000504924412880508	FBgn0035997	FALSE	TRUE
SCENIC_bap_activating_regulon	bap	0.0220687217028545	0.000779103581340048	0.000487028477598042	FBgn0004862	FALSE	TRUE
SCENIC_CG12391_activating_regulon	CG12391	0.0198886716475686	0.0024608275291182	0.000395559259904799	FBgn0033581	FALSE	TRUE
SCENIC_Nf-YC_activating_regulon	Nf-YC	0.0187880457622949	0.00422956733830335	0.000352990663566087	FBgn0029905	FALSE	TRUE
SCENIC_CG2120_activating_regulon	CG2120	0.0176959998432228	0.00705536044925549	0.000313148410451341	FBgn0030005	FALSE	TRUE
SCENIC_CG9215_activating_regulon	CG9215	0.0155125923006177	0.0181887672898354	0.000240640519885185	FBgn0030659	FALSE	TRUE
SCENIC_CG10147_activating_regulon	CG10147	0.0154139399398561	0.0189389014057859	0.000237589544469491	FBgn0035702	FALSE	TRUE
SCENIC_CG17328_activating_regulon	CG17328	0.0145978729140782	0.0262513050369791	0.000213097893615578	FBgn0028895	FALSE	TRUE
SCENIC_lbe_activating_regulon	lbe	0.0140856264443773	0.0319945903033671	0.000198404872330542	FBgn0011278	FALSE	TRUE
SCENIC_tgo_activating_regulon	tgo	0.0108797337435901	0.0976486961462829	0.000118368606331414	FBgn0264075	FALSE	TRUE
SCENIC_trem_activating_regulon	trem	0.0105485422686401	0.108287792775242	0.000111271743993286	FBgn0038767	FALSE	TRUE
SCENIC_Cf2_activating_regulon	Cf2	0.0105043846787093	0.109773108732838	0.000110342097478302	FBgn0000286	FALSE	TRUE
SCENIC_CG8159_activating_regulon	CG8159	0.00708429057159628	0.280804488305583	5.0187172902808e-05	FBgn0037619	FALSE	TRUE
SCENIC_CG3065_activating_regulon	CG3065	0.00539404218033738	0.411540452017377	2.90956910432588e-05	FBgn0034946	FALSE	TRUE
SCENIC_tx_activating_regulon	tx	0.00470347034067734	0.473959062249441	2.21226332456315e-05	FBgn0263118	FALSE	TRUE
SCENIC_ZIPIC_activating_regulon	ZIPIC	0.0037171834174974	0.571462006769656	1.38174525593177e-05	FBgn0039740	FALSE	TRUE
SCENIC_CG9932_activating_regulon	CG9932	0.00356534954862641	0.58727820066111	1.27117174038905e-05	FBgn0262160	FALSE	TRUE
SCENIC_disco-r_activating_regulon	disco-r	0.00215636488638176	0.742698674747379	4.6499095232202e-06	FBgn0285879	FALSE	TRUE
SCENIC_Sidpn_activating_regulon	Sidpn	0.00185650235257367	0.777459709827451	3.44660098511158e-06	FBgn0032741	FALSE	TRUE
SCENIC_MTF-1_activating_regulon	MTF-1	0.000422972292729798	0.948657633532302	1.78905560417102e-07	FBgn0040305	FALSE	TRUE
SCENIC_Dll_activating_regulon	Dll	-0.00110864380141988	0.865971185195575	1.22909107842671e-06	FBgn0000157	FALSE	TRUE
SCENIC_mid_activating_regulon	mid	-0.00175444281700613	0.789397097001408	3.0780695981444e-06	FBgn0261963	FALSE	TRUE
SCENIC_MBD-R2_activating_regulon	MBD-R2	-0.00218313100113827	0.739620044757639	4.76606096813099e-06	FBgn0038016	FALSE	TRUE
SCENIC_Mondo_activating_regulon	Mondo	-0.00386567435924821	0.556192780462435	1.4943438251749e-05	FBgn0032940	FALSE	TRUE
SCENIC_Scr_activating_regulon	Scr	-0.00452926813358538	0.490488783498429	2.0514269825912e-05	FBgn0003339	FALSE	TRUE
SCENIC_TFAM_activating_regulon	TFAM	-0.00455441191321906	0.488083957322221	2.07426678752717e-05	FBgn0038805	FALSE	TRUE
SCENIC_klu_activating_regulon	klu	-0.00713372640618182	0.277461207861429	5.08900524382558e-05	FBgn0013469	FALSE	TRUE
SCENIC_sens_activating_regulon	sens	-0.00755798445622092	0.249884017299976	5.7123129040477e-05	FBgn0002573	FALSE	TRUE
SCENIC_dysf_activating_regulon	dysf	-0.00857877187244997	0.191538385035953	7.35953268395388e-05	FBgn0039411	FALSE	TRUE
SCENIC_eve_activating_regulon	eve	-0.0106869271319894	0.103735807257904	0.00011421041152445	FBgn0000606	FALSE	TRUE
SCENIC_Dfd_activating_regulon	Dfd	-0.011466141119178	0.0808729687909392	0.000131472392164905	FBgn0000439	FALSE	TRUE
SCENIC_sob_activating_regulon	sob	-0.0120994507413165	0.065465315924861	0.000146396708241546	FBgn0004892	FALSE	TRUE
SCENIC_insv_activating_regulon	insv	-0.0125614483885164	0.0558237554842583	0.00015778998561736	FBgn0031434	FALSE	TRUE
SCENIC_Adf1_activating_regulon	Adf1	-0.0126554678462097	0.054014027551529	0.000160160866406447	FBgn0284249	FALSE	TRUE
SCENIC_inv_activating_regulon	inv	-0.0127911922965682	0.0514881121880141	0.000163614600367787	FBgn0001269	FALSE	TRUE
SCENIC_E5_activating_regulon	E5	-0.013361211921336	0.0419335529721947	0.00017852198400685	FBgn0008646	FALSE	TRUE
SCENIC_pita_activating_regulon	pita	-0.015942731751056	0.0152138257942116	0.00025417069568613	FBgn0034878	FALSE	TRUE
SCENIC_Neu2_activating_regulon	Neu2	-0.0163083017053616	0.0130312825272191	0.000265960704513101	FBgn0037085	FALSE	TRUE
SCENIC_CG2678_activating_regulon	CG2678	-0.0170284644836369	0.00952611163302369	0.000289968602670483	FBgn0014931	FALSE	TRUE
SCENIC_foxo_activating_regulon	foxo	-0.0175839270754958	0.00742504702315197	0.000309194491396355	FBgn0038197	FALSE	TRUE
SCENIC_CG12605_activating_regulon	CG12605	-0.0176934205002897	0.00706367946551274	0.000313057129000072	FBgn0035481	FALSE	TRUE
SCENIC_HLH3B_activating_regulon	HLH3B	-0.0177891347023359	0.0067608092399057	0.000316453313457852	FBgn0011276	FALSE	TRUE
SCENIC_Ets98B_activating_regulon	Ets98B	-0.0182578813230833	0.00543956528002266	0.000333350230407795	FBgn0005659	FALSE	TRUE
SCENIC_Fer1_activating_regulon	Fer1	-0.0196192382631555	0.00281649597070852	0.000384914510026466	FBgn0037475	FALSE	TRUE
SCENIC_esg_activating_regulon	esg	-0.0214824942763925	0.00107230138974084	0.000461497560335238	FBgn0001981	FALSE	TRUE
SCENIC_CG18599_activating_regulon	CG18599	-0.0217747374164702	0.000915310517132899	0.000474139189556227	FBgn0038592	FALSE	TRUE
SCENIC_Nf-YA_activating_regulon	Nf-YA	-0.022049369498663	0.000787456396738903	0.000486174695288572	FBgn0035993	FALSE	TRUE
SCENIC_gl_activating_regulon	gl	-0.0229220168923027	0.000482898749868391	0.000525418858411013	FBgn0004618	FALSE	TRUE
SCENIC_byn_activating_regulon	byn	-0.0229384544562624	0.000478394741491726	0.000526172692842023	FBgn0011723	FALSE	TRUE
SCENIC_slp1_activating_regulon	slp1	-0.0233538420822748	0.00037678173859737	0.000545401940003829	FBgn0003430	FALSE	TRUE
SCENIC_Dbx_activating_regulon	Dbx	-0.0239296823575838	0.00026891817504888	0.000572629697734858	FBgn0261723	FALSE	TRUE
SCENIC_CG12744_activating_regulon	CG12744	-0.0243250427831292	0.000212434664396574	0.000591707706401064	FBgn0033459	FALSE	TRUE
SCENIC_mld_activating_regulon	mld	-0.0245302356345477	0.000187712694435706	0.000601732460286433	FBgn0263490	FALSE	TRUE
SCENIC_CG11906_activating_regulon	CG11906	-0.0259600970782722	7.72461439352949e-05	0.000673926640313316	FBgn0034425	FALSE	TRUE
SCENIC_en_activating_regulon	en	-0.0262380378245562	6.46609442403225e-05	0.000688434628882842	FBgn0000577	FALSE	TRUE
SCENIC_lbl_activating_regulon	lbl	-0.0271911078554702	3.46861746249093e-05	0.000739356346407815	FBgn0008651	FALSE	TRUE
SCENIC_Kr-h1_activating_regulon	Kr-h1	-0.0274287771367729	2.96033798474025e-05	0.000752337815218754	FBgn0266450	FALSE	TRUE
SCENIC_dpn_activating_regulon	dpn	-0.0279089926423733	2.14109275183944e-05	0.000778911870312045	FBgn0010109	FALSE	TRUE
SCENIC_CG14667_activating_regulon	CG14667	-0.0295416471211307	6.84822993759621e-06	0.000872708914629411	FBgn0037317	FALSE	TRUE
SCENIC_CG5245_activating_regulon	CG5245	-0.0297703821963994	5.80975680360323e-06	0.000886275656119693	FBgn0038047	FALSE	TRUE
SCENIC_eg_activating_regulon	eg	-0.0299109827699971	5.24813194354494e-06	0.000894666890267062	FBgn0000560	FALSE	TRUE
SCENIC_Glut4EF_activating_regulon	Glut4EF	-0.0299652559969461	5.04556521163846e-06	0.000897916566962513	FBgn0267336	FALSE	TRUE
SCENIC_Su(H)_activating_regulon	Su(H)	-0.0301550802322298	4.39434548111149e-06	0.000909328863812214	FBgn0004837	FALSE	TRUE
SCENIC_CG1603_activating_regulon	CG1603	-0.0310178461468127	2.32116017453921e-06	0.000962106779587342	FBgn0033185	FALSE	TRUE
SCENIC_Hey_activating_regulon	Hey	-0.033643099645708	3.00363983522422e-07	0.00113185815377104	FBgn0027788	FALSE	TRUE
SCENIC_Oli_activating_regulon	Oli	-0.0341911162155671	1.9220815602238e-07	0.00116903242806642	FBgn0032651	FALSE	TRUE
SCENIC_fd3F_activating_regulon	fd3F	-0.034740485709777	1.22029579041133e-07	0.00120690134735122	FBgn0264954	FALSE	TRUE
SCENIC_dmrt11E_activating_regulon	dmrt11E	-0.0366127298679599	2.46495337884758e-08	0.0013404919883842	FBgn0030477	FALSE	TRUE
SCENIC_knrl_activating_regulon	knrl	-0.0371879542911835	1.48411514245795e-08	0.00138294394436316	FBgn0001323	FALSE	TRUE
SCENIC_dsf_activating_regulon	dsf	-0.0378090937553785	8.50907258836265e-09	0.001429527570603	FBgn0015381	FALSE	TRUE
SCENIC_CG11902_activating_regulon	CG11902	-0.0379575022824938	7.44043023020915e-09	0.00144077197952552	FBgn0028647	FALSE	TRUE
SCENIC_CG18764_activating_regulon	CG18764	-0.0380739112584177	6.69466950377453e-09	0.00144962271851387	FBgn0042205	FALSE	TRUE
SCENIC_CG10979_activating_regulon	CG10979	-0.0389033390631586	3.12637815746716e-09	0.00151346979026308	FBgn0037379	FALSE	TRUE
SCENIC_CG14441_activating_regulon	CG14441	-0.0389066508069653	3.11678998226013e-09	0.00151372747701513	FBgn0029895	FALSE	TRUE
SCENIC_scrt_activating_regulon	scrt	-0.0390916319251327	2.62437228263295e-09	0.00152815568657005	FBgn0004880	FALSE	TRUE
SCENIC_pad_activating_regulon	pad	-0.0394035986534449	1.96024692146185e-09	0.00155264358684176	FBgn0038418	FALSE	TRUE
SCENIC_eyg_activating_regulon	eyg	-0.0402789258213323	8.54357637980289e-10	0.00162239186532039	FBgn0000625	FALSE	TRUE
SCENIC_CG10348_activating_regulon	CG10348	-0.041770836360516	1.9927627567872e-10	0.001744802770257	FBgn0032707	FALSE	TRUE
SCENIC_Doc3_activating_regulon	Doc3	-0.0421442503206856	1.37334049706954e-10	0.00177613783509261	FBgn0035954	FALSE	TRUE
SCENIC_CG8388_activating_regulon	CG8388	-0.0422190303286968	1.27419147904953e-10	0.00178244652189542	FBgn0034062	FALSE	TRUE
SCENIC_stwl_activating_regulon	stwl	-0.0422591249646398	1.22394834746394e-10	0.00178583364277704	FBgn0003459	FALSE	TRUE
SCENIC_HmgD_activating_regulon	HmgD	-0.0423158323623166	1.15617914429809e-10	0.00179062966851568	FBgn0004362	FALSE	TRUE
SCENIC_achi_activating_regulon	achi	-0.0444910632690682	1.23037521558313e-11	0.00197945471081223	FBgn0033749	FALSE	TRUE
SCENIC_ap_activating_regulon	ap	-0.0445429310564767	1.16483342457084e-11	0.00198407270710204	FBgn0267978	FALSE	TRUE
SCENIC_CG11398_activating_regulon	CG11398	-0.0450339413502666	6.91646228675852e-12	0.00202805587353925	FBgn0040366	FALSE	TRUE
SCENIC_p53_activating_regulon	p53	-0.0467614894432556	1.05767054764563e-12	0.0021866368949517	FBgn0039044	FALSE	TRUE
SCENIC_CG13123_activating_regulon	CG13123	-0.0482658929777119	1.94967358946497e-13	0.00232959642493594	FBgn0032150	FALSE	TRUE
SCENIC_Asciz_activating_regulon	Asciz	-0.0487344292901974	1.13929438198105e-13	0.00237504459824125	FBgn0035407	FALSE	TRUE
SCENIC_CG1792_activating_regulon	CG1792	-0.0496030381766624	4.15227799316707e-14	0.00246046139635543	FBgn0039860	FALSE	TRUE
SCENIC_Blimp-1_activating_regulon	Blimp-1	-0.0496841446917815	3.77547129898862e-14	0.00246851423375388	FBgn0035625	FALSE	TRUE
SCENIC_HGTX_activating_regulon	HGTX	-0.0499573500692813	2.73727632822093e-14	0.00249573682594472	FBgn0040318	FALSE	TRUE
SCENIC_Mitf_activating_regulon	Mitf	-0.050121908492908	2.25342373043715e-14	0.00251220571097144	FBgn0263112	FALSE	TRUE
SCENIC_ovo_activating_regulon	ovo	-0.0502712914081957	1.88765786057033e-14	0.00252720273984773	FBgn0003028	FALSE	TRUE
SCENIC_Hr78_activating_regulon	Hr78	-0.050513453036532	1.41500204883666e-14	0.00255160893767392	FBgn0015239	FALSE	TRUE
SCENIC_CG4936_activating_regulon	CG4936	-0.0514518592165337	4.5728697317173e-15	0.00264729381683801	FBgn0038768	FALSE	TRUE
SCENIC_bowl_activating_regulon	bowl	-0.0521069699914838	2.05352998339587e-15	0.00271513632169339	FBgn0004893	FALSE	TRUE
SCENIC_CG17612_activating_regulon	CG17612	-0.0527168083064017	9.66013406630277e-16	0.0027790618780139	FBgn0031597	FALSE	TRUE
SCENIC_repo_activating_regulon	repo	-0.0533230308183328	4.5260432900193e-16	0.00284334561565287	FBgn0011701	FALSE	TRUE
SCENIC_Lpt_activating_regulon	Lpt	-0.0533823373736081	4.20058055119736e-16	0.00284967394346972	FBgn0263667	FALSE	TRUE
SCENIC_CG4282_activating_regulon	CG4282	-0.0536097820872291	3.15275764148734e-16	0.00287400873544019	FBgn0034114	FALSE	TRUE
SCENIC_odd_activating_regulon	odd	-0.053987466284729	1.9525856993e-16	0.00291464651584475	FBgn0002985	FALSE	TRUE
SCENIC_CG1529_activating_regulon	CG1529	-0.0544367992238633	1.0994979400868e-16	0.0029633651097392	FBgn0031144	FALSE	TRUE
SCENIC_slp2_activating_regulon	slp2	-0.0554890651631257	2.81309838611343e-17	0.00307903635267761	FBgn0004567	FALSE	TRUE
SCENIC_vvl_activating_regulon	vvl	-0.0566224840016823	6.29645597925922e-18	0.00320610569452077	FBgn0086680	FALSE	TRUE
SCENIC_CG4707_activating_regulon	CG4707	-0.0608161575663609	1.91227994485761e-20	0.00369860502113644	FBgn0035036	FALSE	TRUE
SCENIC_rgr_activating_regulon	rgr	-0.0620450832118093	3.23802534135766e-21	0.00384959235076034	FBgn0267792	FALSE	TRUE
SCENIC_CG11970_activating_regulon	CG11970	-0.0635225531892868	3.65489898367853e-22	0.00403511476368577	FBgn0027503	FALSE	TRUE
SCENIC_Clk_activating_regulon	Clk	-0.0642382162395691	1.24753525061631e-22	0.00412654842564164	FBgn0023076	FALSE	TRUE
SCENIC_fd96Ca_activating_regulon	fd96Ca	-0.0653249937706402	2.3837980621593e-23	0.00426735481113418	FBgn0004897	FALSE	TRUE
SCENIC_fd96Cb_activating_regulon	fd96Cb	-0.0653823784512773	2.18265130238379e-23	0.00427485541194605	FBgn0004898	FALSE	TRUE
SCENIC_sv_activating_regulon	sv	-0.0696200187997304	2.62892527331173e-26	0.00484694701767481	FBgn0005561	FALSE	TRUE
SCENIC_CG4730_activating_regulon	CG4730	-0.071119392760389	2.20476394734365e-27	0.00505796802660647	FBgn0039355	FALSE	TRUE
SCENIC_CG17359_activating_regulon	CG17359	-0.0716006849488152	9.84025529109453e-28	0.00512665808513949	FBgn0036396	FALSE	TRUE
SCENIC_CG6654_activating_regulon	CG6654	-0.0716809780112123	8.59663654771567e-28	0.0051381626086439	FBgn0038301	FALSE	TRUE
SCENIC_CG42741_activating_regulon	CG42741	-0.0731540309220789	7.01813971773202e-29	0.00535151224014847	FBgn0261705	FALSE	TRUE
SCENIC_bs_activating_regulon	bs	-0.073370982315355	4.83175708203639e-29	0.00538330104592013	FBgn0004101	FALSE	TRUE
SCENIC_dwg_activating_regulon	dwg	-0.0737380844584652	2.56271079616037e-29	0.00543730509960375	FBgn0000520	FALSE	TRUE
SCENIC_sna_activating_regulon	sna	-0.0744405851790497	7.54844676884694e-30	0.00554140072179935	FBgn0003448	FALSE	TRUE
SCENIC_Spps_activating_regulon	Spps	-0.0749792358377207	2.93381216418289e-30	0.00562188580680854	FBgn0039169	FALSE	TRUE
SCENIC_elB_activating_regulon	elB	-0.0770366942055296	7.45759791428411e-32	0.00593465225411628	FBgn0004858	FALSE	TRUE
SCENIC_D_activating_regulon	D	-0.0801982072554505	2.17763838686457e-34	0.0064317524469882	FBgn0000411	FALSE	TRUE
SCENIC_NC2alpha_activating_regulon	NC2alpha	-0.0804489255200171	1.35713664082038e-34	0.00647202961732526	FBgn0034650	FALSE	TRUE
SCENIC_CG4374_activating_regulon	CG4374	-0.0805728151941923	1.07376552262183e-34	0.00649197854831746	FBgn0039078	FALSE	TRUE
SCENIC_CkIIalpha-i1_activating_regulon	CkIIalpha-i1	-0.08089608383358	5.81790829835848e-35	0.00654417637960961	FBgn0015025	FALSE	TRUE
SCENIC_CG4328_activating_regulon	CG4328	-0.0809710419692812	5.04548160396637e-35	0.0065563096375911	FBgn0036274	FALSE	TRUE
SCENIC_btd_activating_regulon	btd	-0.0822711108412444	4.17649726790175e-36	0.00676853567905232	FBgn0000233	FALSE	TRUE
SCENIC_CG10431_activating_regulon	CG10431	-0.0848116574276053	2.86025292965679e-38	0.00719301723561747	FBgn0032730	FALSE	TRUE
SCENIC_CG9890_activating_regulon	CG9890	-0.0857531468548568	4.34058654887757e-39	0.00735360219551063	FBgn0034814	FALSE	TRUE
SCENIC_CG11456_activating_regulon	CG11456	-0.086108627694465	2.11841909903052e-39	0.00741469576342398	FBgn0037031	FALSE	TRUE
SCENIC_CG11294_activating_regulon	CG11294	-0.0876666271321245	8.81759137331102e-41	0.00768543751272294	FBgn0030058	FALSE	TRUE
SCENIC_CG10631_activating_regulon	CG10631	-0.0881563327402296	3.20810451874281e-41	0.00777153900220607	FBgn0032817	FALSE	TRUE
SCENIC_bbx_activating_regulon	bbx	-0.0893560944176594	2.63072948381454e-42	0.00798451160957766	FBgn0024251	FALSE	TRUE
SCENIC_twi_activating_regulon	twi	-0.0897570906944006	1.13175750705313e-42	0.00805633532992285	FBgn0003900	FALSE	TRUE
SCENIC_CG18262_activating_regulon	CG18262	-0.0911752854037847	5.55839535351053e-44	0.00831293266846159	FBgn0030012	FALSE	TRUE
SCENIC_caup_activating_regulon	caup	-0.0925401683264071	2.9230793538385e-45	0.00856368275387976	FBgn0015919	FALSE	TRUE
SCENIC_salr_activating_regulon	salr	-0.0927844166591455	1.71760102289404e-45	0.00860894797477791	FBgn0000287	FALSE	TRUE
SCENIC_CG12942_activating_regulon	CG12942	-0.0932797892065372	5.81703428351358e-46	0.00870111907441602	FBgn0033569	FALSE	TRUE
SCENIC_CG17829_activating_regulon	CG17829	-0.0937807116919863	1.93484716324108e-46	0.00879482188545546	FBgn0025635	FALSE	TRUE
SCENIC_dbr_activating_regulon	dbr	-0.0940459539761189	1.07762507737997e-46	0.00884464145927828	FBgn0067779	FALSE	TRUE
SCENIC_HHEX_activating_regulon	HHEX	-0.0948491501332332	1.81283237219536e-47	0.00899636128099662	FBgn0038852	FALSE	TRUE
SCENIC_CG6808_activating_regulon	CG6808	-0.0981304351307067	1.06383517104268e-50	0.00962958229894183	FBgn0037921	FALSE	TRUE
SCENIC_tef_activating_regulon	tef	-0.0992270257696792	8.35938283311032e-52	0.00984600264309658	FBgn0086350	FALSE	TRUE
SCENIC_Antp_activating_regulon	Antp	-0.100914434964278	1.57772429532444e-53	0.0101837231841596	FBgn0260642	FALSE	TRUE
SCENIC_al_activating_regulon	al	-0.101754559937556	2.13129892257361e-54	0.0103539904680857	FBgn0000061	FALSE	TRUE
SCENIC_exex_activating_regulon	exex	-0.103246247639588	5.84803722164561e-56	0.0106597876516551	FBgn0041156	FALSE	TRUE
SCENIC_CG34367_activating_regulon	CG34367	-0.104089604375001	7.48022543591388e-57	0.0108346457389443	FBgn0085396	FALSE	TRUE
SCENIC_Dlip2_activating_regulon	Dlip2	-0.105571824848864	1.9338356339029e-58	0.0111454102019192	FBgn0040466	FALSE	TRUE
SCENIC_E(spl)m8-HLH_activating_regulon	E(spl)m8-HLH	-0.106660252513136	1.27696678853094e-59	0.011376409466166	FBgn0000591	FALSE	TRUE
SCENIC_Vsx2_activating_regulon	Vsx2	-0.107600490392776	1.19325142650285e-60	0.0115778655327658	FBgn0263512	FALSE	TRUE
SCENIC_da_activating_regulon	da	-0.107821087968663	6.82141673202391e-61	0.0116253870107462	FBgn0267821	FALSE	TRUE
SCENIC_hbn_activating_regulon	hbn	-0.108134767125339	3.07377902389726e-61	0.0116931278612514	FBgn0008636	FALSE	TRUE
SCENIC_CG17806_activating_regulon	CG17806	-0.110231076231829	1.40526889894344e-63	0.0121508901672272	FBgn0038548	FALSE	TRUE
SCENIC_nub_activating_regulon	nub	-0.110324996192417	1.10117339711747e-63	0.0121716047848567	FBgn0085424	FALSE	TRUE
SCENIC_CG13287_activating_regulon	CG13287	-0.11226807574806	6.76464964895175e-66	0.0126041208321721	FBgn0035643	FALSE	TRUE
SCENIC_Plzf_activating_regulon	Plzf	-0.113185816526339	5.91558706585646e-67	0.0128110290627341	FBgn0032401	FALSE	TRUE
SCENIC_oc_activating_regulon	oc	-0.113983709938651	6.99535061576825e-68	0.0129922861313785	FBgn0004102	FALSE	TRUE
SCENIC_CG6272_activating_regulon	CG6272	-0.11411716126605	4.88747654361799e-68	0.0130227264954217		FALSE	TRUE
SCENIC_CG1663_activating_regulon	CG1663	-0.116723256188695	4.0808520820824e-71	0.0136243185352918	FBgn0033449	FALSE	TRUE
SCENIC_CG32767_activating_regulon	CG32767	-0.116831783542017	3.02704295129735e-71	0.0136496656456086	FBgn0052767	FALSE	TRUE
SCENIC_ftz_activating_regulon	ftz	-0.116878125266235	2.66430986309069e-71	0.0136604961657496	FBgn0001077	FALSE	TRUE
SCENIC_CG31612_activating_regulon	CG31612	-0.117292681488189	8.48583541903973e-72	0.0137575731306897	FBgn0051612	FALSE	TRUE
SCENIC_dve_activating_regulon	dve	-0.117900068383329	1.57554125976261e-72	0.0139004261247937	FBgn0020307	FALSE	TRUE
SCENIC_Vsx1_activating_regulon	Vsx1	-0.118128154618913	8.35271894711729e-73	0.0139542609136699	FBgn0263511	FALSE	TRUE
SCENIC_CG17802_activating_regulon	CG17802	-0.118173141729442	7.36893301420349e-73	0.0139648914262069	FBgn0038549	FALSE	TRUE
SCENIC_CG11696_activating_regulon	CG11696	-0.119237244717751	3.7490875997244e-74	0.0142175205278807	FBgn0030314	FALSE	TRUE
SCENIC_Met_activating_regulon	Met	-0.12077026178369	4.89326022942215e-76	0.0145854561313009	FBgn0002723	FALSE	TRUE
SCENIC_Oaz_activating_regulon	Oaz	-0.121310183124032	1.04732052927328e-76	0.0147161605295861	FBgn0284250	FALSE	TRUE
SCENIC_CG3281_activating_regulon	CG3281	-0.1224166847277	4.3493645379868e-78	0.014985844699721	FBgn0260741	FALSE	TRUE
SCENIC_Sox15_activating_regulon	Sox15	-0.12294346007236	9.46544837793739e-79	0.015115094374564	FBgn0005613	FALSE	TRUE
SCENIC_Deaf1_activating_regulon	Deaf1	-0.123601646757865	1.39490187672641e-79	0.0152773670812562	FBgn0013799	FALSE	TRUE
SCENIC_dmrt99B_activating_regulon	dmrt99B	-0.124452819330816	1.15441639229121e-80	0.0154885042393887	FBgn0039683	FALSE	TRUE
SCENIC_CG12299_activating_regulon	CG12299	-0.124838366284091	3.71253575040308e-81	0.015584617696481	FBgn0032295	FALSE	TRUE
SCENIC_CG11085_activating_regulon	CG11085	-0.125059530156838	1.93347551234649e-81	0.015639886083049	FBgn0030408	FALSE	TRUE
SCENIC_zfh1_activating_regulon	zfh1	-0.125097846912511	1.72662869794639e-81	0.0156494713021459	FBgn0004606	FALSE	TRUE
SCENIC_row_activating_regulon	row	-0.125989948053125	1.22672211782654e-82	0.0158734670104291	FBgn0033998	FALSE	TRUE
SCENIC_unc-4_activating_regulon	unc-4	-0.126274419850452	5.2573550890918e-83	0.0159452291085682	FBgn0024184	FALSE	TRUE
SCENIC_topi_activating_regulon	topi	-0.127289941859756	2.51294560062646e-84	0.0162027292986599	FBgn0037751	FALSE	TRUE
SCENIC_apt_activating_regulon	apt	-0.128373681811285	9.52568460867963e-86	0.0164798021817851	FBgn0015903	FALSE	TRUE
SCENIC_Poxn_activating_regulon	Poxn	-0.129051085010808	1.21398269170999e-86	0.0166541825424667	FBgn0003130	FALSE	TRUE
SCENIC_opa_activating_regulon	opa	-0.129183817342045	8.09725971119519e-87	0.0166884586630629	FBgn0003002	FALSE	TRUE
SCENIC_CG10543_activating_regulon	CG10543	-0.130572014412021	1.14231069089013e-88	0.0170490509476131	FBgn0034570	FALSE	TRUE
SCENIC_shn_activating_regulon	shn	-0.13109378624774	2.27490802886715e-89	0.017185580792768	FBgn0003396	FALSE	TRUE
SCENIC_CG10654_activating_regulon	CG10654	-0.133161070425652	3.56425422950417e-92	0.0177318706769054	FBgn0036294	FALSE	TRUE
SCENIC_cwo_activating_regulon	cwo	-0.133528677611302	1.11800078576198e-92	0.0178299077446229	FBgn0259938	FALSE	TRUE
SCENIC_CG10669_activating_regulon	CG10669	-0.134052317791417	2.13166046703641e-93	0.017970023905251	FBgn0039329	FALSE	TRUE
SCENIC_z_activating_regulon	z	-0.134312084800375	9.34542967695348e-94	0.0180397361234232	FBgn0004050	FALSE	TRUE
SCENIC_Lmx1a_activating_regulon	Lmx1a	-0.135622045027814	1.42483006190883e-95	0.0183933390975265	FBgn0052105	FALSE	TRUE
SCENIC_CG9609_activating_regulon	CG9609	-0.135687872878496	1.15340883929425e-95	0.018411198846291	FBgn0030787	FALSE	TRUE
SCENIC_CG8089_activating_regulon	CG8089	-0.141232031466676	1.46807302501943e-103	0.0199464867122042	FBgn0033993	FALSE	TRUE
SCENIC_rib_activating_regulon	rib	-0.141398315068452	8.41187220961443e-104	0.0199934835041973	FBgn0003254	FALSE	TRUE
SCENIC_fkh_activating_regulon	fkh	-0.141548518041829	5.08361830380823e-104	0.0200359829598381	FBgn0000659	FALSE	TRUE
SCENIC_CG2712_activating_regulon	CG2712	-0.141899461829266	1.56388164406601e-104	0.0201354572674352	FBgn0024975	FALSE	TRUE
SCENIC_cas_activating_regulon	cas	-0.143619272272936	4.63736274062105e-107	0.0206264953682078	FBgn0004878	FALSE	TRUE
SCENIC_CG17361_activating_regulon	CG17361	-0.14704108829521	3.48732346102947e-112	0.0216210816470397	FBgn0036395	FALSE	TRUE
SCENIC_B-H1_activating_regulon	B-H1	-0.147269134760215	1.57239064413094e-112	0.0216881980530223	FBgn0011758	FALSE	TRUE
SCENIC_CG15011_activating_regulon	CG15011	-0.147728742502683	3.1453586469087e-113	0.0218237813614242	FBgn0035518	FALSE	TRUE
SCENIC_Awh_activating_regulon	Awh	-0.147912015167188	1.6532914798094e-113	0.0218779642308184	FBgn0013751	FALSE	TRUE
SCENIC_CG6765_activating_regulon	CG6765	-0.149139282003445	2.18079405361572e-115	0.0222425254365032	FBgn0035903	FALSE	TRUE
SCENIC_tio_activating_regulon	tio	-0.150068870995293	8.01764055832573e-117	0.0225206660418018	FBgn0028979	FALSE	TRUE
SCENIC_ase_activating_regulon	ase	-0.15170029526454	2.3116281605388e-119	0.0230129795833487	FBgn0000137	FALSE	TRUE
SCENIC_B-H2_activating_regulon	B-H2	-0.152964148341096	2.37901073155689e-121	0.0233980306777167	FBgn0004854	FALSE	TRUE
SCENIC_CG7368_activating_regulon	CG7368	-0.153216194718168	9.50543148059728e-122	0.0234752023239156	FBgn0036179	FALSE	TRUE
SCENIC_CG15696_activating_regulon	CG15696	-0.1540441895187	4.61624094060936e-123	0.0237296123244732	FBgn0038833	FALSE	TRUE
SCENIC_CG3995_activating_regulon	CG3995	-0.154086275996853	3.95655458347839e-123	0.0237425804505783	FBgn0038472	FALSE	TRUE
SCENIC_sage_activating_regulon	sage	-0.154536637858849	7.57650543060991e-124	0.0238815724407171	FBgn0037672	FALSE	TRUE
SCENIC_CG32006_activating_regulon	CG32006	-0.154641346696246	5.15532351590983e-124	0.0239139461080284	FBgn0052006	FALSE	TRUE
SCENIC_CG13617_activating_regulon	CG13617	-0.15658353112379	3.88363132601836e-127	0.0245184022191949	FBgn0039201	FALSE	TRUE
SCENIC_Hmg-2_activating_regulon	Hmg-2	-0.157891324128335	2.90621433611494e-129	0.024929670234999	FBgn0026582	FALSE	TRUE
SCENIC_MESR4_activating_regulon	MESR4	-0.159812517915652	2.02619302712271e-132	0.0255400408825405	FBgn0034240	FALSE	TRUE
SCENIC_CG6813_activating_regulon	CG6813	-0.160284892769881	3.34506731574566e-133	0.0256912468502523	FBgn0037923	FALSE	TRUE
SCENIC_ERR_activating_regulon	ERR	-0.160386758123473	2.26669595116354e-133	0.0257239121813576	FBgn0035849	FALSE	TRUE
SCENIC_aop_activating_regulon	aop	-0.161465191954634	3.62391299901913e-135	0.0260710082129468	FBgn0000097	FALSE	TRUE
SCENIC_CG4496_activating_regulon	CG4496	-0.161843270101252	8.4424096894247e-136	0.026193244077067	FBgn0031894	FALSE	TRUE
SCENIC_CG16863_activating_regulon	CG16863	-0.162078455446523	3.40487345396004e-136	0.0262694257199306	FBgn0028931	FALSE	TRUE
SCENIC_E2f1_activating_regulon	E2f1	-0.162578577385646	4.91452901478616e-137	0.0264317938247404	FBgn0011766	FALSE	TRUE
SCENIC_Dif_activating_regulon	Dif	-0.16453616398943	2.3709355115954e-140	0.0270721492603566	FBgn0011274	FALSE	TRUE
SCENIC_Dsp1_activating_regulon	Dsp1	-0.164640419682679	1.57440820775879e-140	0.0271064677932886	FBgn0278608	FALSE	TRUE
SCENIC_pnt_activating_regulon	pnt	-0.164772595982267	9.36542423657396e-141	0.0271500083867353	FBgn0003118	FALSE	TRUE
SCENIC_C15_activating_regulon	C15	-0.165164976365526	1.99855224646658e-141	0.0272794694178248	FBgn0004863	FALSE	TRUE
SCENIC_hth_activating_regulon	hth	-0.166122905573304	4.52881377016117e-143	0.0275968197561168	FBgn0001235	FALSE	TRUE
SCENIC_dar1_activating_regulon	dar1	-0.166225127830279	3.01912227426519e-143	0.0276307931221925	FBgn0263239	FALSE	TRUE
SCENIC_CG14860_activating_regulon	CG14860	-0.167121186812382	8.53698474321607e-145	0.027929491081579	FBgn0038273	FALSE	TRUE
SCENIC_lola_activating_regulon	lola	-0.167163171824705	7.21988730332201e-145	0.0279435260144957	FBgn0283521	FALSE	TRUE
SCENIC_zld_activating_regulon	zld	-0.169736949222886	2.2933531044321e-149	0.0288106319314925	FBgn0259789	FALSE	TRUE
SCENIC_tj_activating_regulon	tj	-0.169813365821039	1.68194685411796e-149	0.0288365792114702	FBgn0000964	FALSE	TRUE
SCENIC_unpg_activating_regulon	unpg	-0.171161098968935	6.9239875247832e-152	0.0292961218002536	FBgn0015561	FALSE	TRUE
SCENIC_SoxN_activating_regulon	SoxN	-0.171928872431503	2.96824378608561e-153	0.0295595371755681	FBgn0029123	FALSE	TRUE
SCENIC_ct_activating_regulon	ct	-0.171976165907453	2.44360091101156e-153	0.0295758016402279	FBgn0004198	FALSE	TRUE
SCENIC_sr_activating_regulon	sr	-0.172682613516286	1.32843788603725e-154	0.029819285010815	FBgn0003499	FALSE	TRUE
SCENIC_pnr_activating_regulon	pnr	-0.173631983085159	2.60091248827807e-156	0.0301480655500851	FBgn0003117	FALSE	TRUE
SCENIC_ara_activating_regulon	ara	-0.174276953042248	1.77403132907247e-157	0.0303724563616899	FBgn0015904	FALSE	TRUE
SCENIC_ey_activating_regulon	ey	-0.174607908435639	4.45435453665826e-158	0.0304879216882685	FBgn0005558	FALSE	TRUE
SCENIC_Ets21C_activating_regulon	Ets21C	-0.174708839191256	2.92085538305138e-158	0.030523178491556	FBgn0005660	FALSE	TRUE
SCENIC_dati_activating_regulon	dati	-0.174760951073145	2.34876161820204e-158	0.0305413900199901	FBgn0262636	FALSE	TRUE
SCENIC_H15_activating_regulon	H15	-0.175280483756709	2.66300648029517e-159	0.0307232479859858	FBgn0016660	FALSE	TRUE
SCENIC_CG12769_activating_regulon	CG12769	-0.175420149419879	1.48147842015085e-159	0.0307722288224928	FBgn0033252	FALSE	TRUE
SCENIC_cad_activating_regulon	cad	-0.177003458073135	1.85574099222744e-162	0.0313302241698479	FBgn0000251	FALSE	TRUE
SCENIC_trh_activating_regulon	trh	-0.177475776383816	2.49691609340496e-163	0.0314976512030384	FBgn0262139	FALSE	TRUE
SCENIC_Camta_activating_regulon	Camta	-0.177916810684218	3.81735121238313e-164	0.0316543915240438	FBgn0287478	FALSE	TRUE
SCENIC_Hr4_activating_regulon	Hr4	-0.178081736529442	1.88885336042197e-164	0.0317131048853414	FBgn0264562	FALSE	TRUE
SCENIC_CG30020_activating_regulon	CG30020	-0.180688908027213	2.54558703885339e-169	0.0326484814840666	FBgn0050020	FALSE	TRUE
SCENIC_Eip78C_activating_regulon	Eip78C	-0.181691184256215	3.26135019779192e-171	0.0330116864364257	FBgn0004865	FALSE	TRUE
SCENIC_CG17568_activating_regulon	CG17568	-0.181719638926373	2.8807764521392e-171	0.0330220271715314	FBgn0032763	FALSE	TRUE
SCENIC_ss_activating_regulon	ss	-0.182103070665971	5.4011176125212e-172	0.0331615283459757	FBgn0003513	FALSE	TRUE
SCENIC_CG2129_activating_regulon	CG2129	-0.182553174169587	7.53280383755027e-173	0.0333256613993917	FBgn0030008	FALSE	TRUE
SCENIC_CG14965_activating_regulon	CG14965	-0.183085343038648	7.28684241380185e-174	0.0335202428355795	FBgn0035414	FALSE	TRUE
SCENIC_dmrt93B_activating_regulon	dmrt93B	-0.184474415334703	1.58434182150356e-176	0.0340308099130804	FBgn0038851	FALSE	TRUE
SCENIC_CG1024_activating_regulon	CG1024	-0.184643294845624	7.49309756989692e-177	0.0340931463314482	FBgn0027514	FALSE	TRUE
SCENIC_Meics_activating_regulon	Meics	-0.184836587885183	3.17741632618257e-177	0.0341645642210371	FBgn0025874	FALSE	TRUE
SCENIC_scro_activating_regulon	scro	-0.18536699718985	3.0028222630861e-178	0.0343609236471818	FBgn0287186	FALSE	TRUE
SCENIC_Gsc_activating_regulon	Gsc	-0.187251335072012	6.4913369936025e-182	0.0350630624862508	FBgn0010323	FALSE	TRUE
SCENIC_Dlip3_activating_regulon	Dlip3	-0.188542133472451	1.89986768387359e-184	0.0355481360943434	FBgn0040465	FALSE	TRUE
SCENIC_Rx_activating_regulon	Rx	-0.189463363154584	2.87810988833962e-186	0.0358963659778458	FBgn0020617	FALSE	TRUE
SCENIC_CG8924_activating_regulon	CG8924	-0.189792327344939	6.41257426616618e-187	0.0360211275190086	FBgn0030710	FALSE	TRUE
SCENIC_OdsH_activating_regulon	OdsH	-0.191584477634968	1.71120233400091e-190	0.0367046120706634	FBgn0026058	FALSE	TRUE
SCENIC_fd102C_activating_regulon	fd102C	-0.192390003887671	4.12335635325569e-192	0.0370139135958979	FBgn0039937	FALSE	TRUE
SCENIC_jumu_activating_regulon	jumu	-0.193123360671551	1.36716686968334e-193	0.0372966324370741	FBgn0015396	FALSE	TRUE
SCENIC_HLH4C_activating_regulon	HLH4C	-0.193556624586566	1.8152538743131e-194	0.0374641669213449	FBgn0011277	FALSE	TRUE
SCENIC_ftz-f1_activating_regulon	ftz-f1	-0.194086087395827	1.52927685445066e-195	0.0376694093206205	FBgn0001078	FALSE	TRUE
SCENIC_Hr38_activating_regulon	Hr38	-0.194706948770146	8.32787204424855e-197	0.0379107958993803	FBgn0014859	FALSE	TRUE
SCENIC_Abd-B_activating_regulon	Abd-B	-0.1955066549438	1.93234161777805e-198	0.0382228521273141	FBgn0000015	FALSE	TRUE
SCENIC_fuss_activating_regulon	fuss	-0.196496834500864	1.78788515719692e-200	0.0386110059688601	FBgn0039932	FALSE	TRUE
SCENIC_ind_activating_regulon	ind	-0.197237411117192	5.29684726061115e-202	0.0389025963442124	FBgn0025776	FALSE	TRUE
SCENIC_Hr83_activating_regulon	Hr83	-0.198085749929988	9.24026589905084e-204	0.0392379643253257	FBgn0037436	FALSE	TRUE
SCENIC_bsh_activating_regulon	bsh	-0.198946832249503	1.48801023086235e-205	0.0395798420621119	FBgn0000529	FALSE	TRUE
SCENIC_Ubx_activating_regulon	Ubx	-0.201403866127134	1.02320230593315e-210	0.0405635172909566	FBgn0003944	FALSE	TRUE
SCENIC_gsb_activating_regulon	gsb	-0.201974578933298	6.32387556613065e-212	0.0407937305352829	FBgn0001148	FALSE	TRUE
SCENIC_gt_activating_regulon	gt	-0.202863979351466	8.11934471076593e-214	0.0411537941183121	FBgn0001150	FALSE	TRUE
SCENIC_sim_activating_regulon	sim	-0.203202532165047	1.53873474430849e-214	0.041291269078287	FBgn0004666	FALSE	TRUE
SCENIC_CG2889_activating_regulon	CG2889	-0.205508522185374	1.70684103660902e-219	0.0422337526908163	FBgn0030206	FALSE	TRUE
SCENIC_pros_activating_regulon	pros	-0.205786037075304	4.28344748256372e-220	0.0423478930551582	FBgn0004595	FALSE	TRUE
SCENIC_Hr3_activating_regulon	Hr3	-0.206340122074612	2.6940430260169e-221	0.0425762459777657	FBgn0000448	FALSE	TRUE
SCENIC_nerfin-1_activating_regulon	nerfin-1	-0.206458827379354	1.48787465847899e-221	0.042625247402858	FBgn0028999	FALSE	TRUE
SCENIC_Hr51_activating_regulon	Hr51	-0.207598509782722	4.88507013614413e-224	0.0430971412640069	FBgn0034012	FALSE	TRUE
SCENIC_pb_activating_regulon	pb	-0.208125064057669	3.4382166904916e-225	0.0433160422890087	FBgn0051481	FALSE	TRUE
SCENIC_bab2_activating_regulon	bab2	-0.209043939976326	3.29197102473284e-227	0.0436993688408258	FBgn0025525	FALSE	TRUE
SCENIC_erm_activating_regulon	erm	-0.210502573508067	1.96228499383641e-230	0.044311333453519	FBgn0031375	FALSE	TRUE
SCENIC_bi_activating_regulon	bi	-0.211565805181335	8.44878267384648e-233	0.0447600899220264	FBgn0000179	FALSE	TRUE
SCENIC_sens-2_activating_regulon	sens-2	-0.212537765077774	5.65641105471248e-235	0.0451723015842549	FBgn0051632	FALSE	TRUE
SCENIC_Optix_activating_regulon	Optix	-0.212803965082756	1.42941332292024e-235	0.0452855275549429	FBgn0025360	FALSE	TRUE
SCENIC_br_activating_regulon	br	-0.213621340729788	2.06902088846975e-237	0.0456340772151921	FBgn0283451	FALSE	TRUE
SCENIC_grn_activating_regulon	grn	-0.214025896096774	2.52647265969605e-238	0.045807084200027	FBgn0001138	FALSE	TRUE
SCENIC_Sox21b_activating_regulon	Sox21b	-0.214706935607165	7.25860649330744e-240	0.0460990681978191	FBgn0042630	FALSE	TRUE
SCENIC_tup_activating_regulon	tup	-0.216439179903827	8.23023584788029e-244	0.0468459185974412	FBgn0003896	FALSE	TRUE
SCENIC_toy_activating_regulon	toy	-0.219431323832116	1.04329227364093e-250	0.0481501058787151	FBgn0019650	FALSE	TRUE
SCENIC_ham_activating_regulon	ham	-0.219646376790709	3.30136086390204e-251	0.048244530837286	FBgn0045852	FALSE	TRUE
SCENIC_pdm2_activating_regulon	pdm2	-0.219917773633713	7.71412831590572e-252	0.0483638271600089	FBgn0004394	FALSE	TRUE
SCENIC_chn_activating_regulon	chn	-0.220610804331159	1.86661855911682e-253	0.048669126987641	FBgn0015371	FALSE	TRUE
SCENIC_Drgx_activating_regulon	Drgx	-0.220812411152319	6.30715269191569e-254	0.0487581209189009	FBgn0085369	FALSE	TRUE
SCENIC_fd59A_activating_regulon	fd59A	-0.220819008824067	6.08701517600398e-254	0.0487610346580433	FBgn0004896	FALSE	TRUE
SCENIC_NfI_activating_regulon	NfI	-0.221774979116819	3.49508504789468e-256	0.0491841413622653	FBgn0042696	FALSE	TRUE
SCENIC_Eip74EF_activating_regulon	Eip74EF	-0.221934968078102	1.47020021276516e-256	0.0492551300558279	FBgn0000567	FALSE	TRUE
SCENIC_pho_activating_regulon	pho	-0.222105070202045	5.85052344625842e-257	0.0493306622094554	FBgn0002521	FALSE	TRUE
SCENIC_CG4854_activating_regulon	CG4854	-0.222386834999113	1.26932323038091e-257	0.0494559043809229	FBgn0038766	FALSE	TRUE
SCENIC_jim_activating_regulon	jim	-0.22361414116872	1.59277252926566e-260	0.0500032841306243	FBgn0027339	FALSE	TRUE
SCENIC_CG6791_activating_regulon	CG6791	-0.223760130356788	7.17554511036224e-261	0.050068595937287	FBgn0037918	FALSE	TRUE
SCENIC_mirr_activating_regulon	mirr	-0.224444816794376	1.6919624083583e-262	0.0503754757858609	FBgn0014343	FALSE	TRUE
SCENIC_CG13894_activating_regulon	CG13894	-0.224462075246077	1.53920803487219e-262	0.0503832232237755	FBgn0035157	FALSE	TRUE
SCENIC_MTA1-like_activating_regulon	MTA1-like	-0.224661749118163	5.14764196988299e-263	0.0504729015168325	FBgn0027951	FALSE	TRUE
SCENIC_bun_activating_regulon	bun	-0.224702413205596	4.11790012803306e-263	0.0504911745004184	FBgn0259176	FALSE	TRUE
SCENIC_ewg_activating_regulon	ewg	-0.225201238460903	2.65478823383497e-264	0.0507155978043245	FBgn0005427	FALSE	TRUE
SCENIC_CG4424_activating_regulon	CG4424	-0.226436616136463	2.90228438034964e-267	0.0512735411273318	FBgn0038765	FALSE	TRUE
SCENIC_Kr_activating_regulon	Kr	-0.226472336651185	2.38148989287471e-267	0.0512897192682476	FBgn0001325	FALSE	TRUE
SCENIC_sima_activating_regulon	sima	-0.226796214063246	3.95721803487599e-268	0.0514365227134216	FBgn0266411	FALSE	TRUE
SCENIC_Eip75B_activating_regulon	Eip75B	-0.227701696649255	2.58029170650754e-270	0.0518480626569495	FBgn0000568	FALSE	TRUE
SCENIC_Lim3_activating_regulon	Lim3	-0.228278503592674	1.03347263134388e-271	0.0521110752025107	FBgn0002023	FALSE	TRUE
SCENIC_kn_activating_regulon	kn	-0.229269833886559	4.01374794447091e-274	0.0525646567303706	FBgn0001319	FALSE	TRUE
SCENIC_Fer2_activating_regulon	Fer2	-0.229511621461022	1.03229922237584e-274	0.0526755843856674	FBgn0038402	FALSE	TRUE
SCENIC_Hr39_activating_regulon	Hr39	-0.23066141133255	1.5845572221975e-277	0.0532046866779238	FBgn0261239	FALSE	TRUE
SCENIC_dac_activating_regulon	dac	-0.231966490255487	9.705913922134e-281	0.053808452601449	FBgn0005677	FALSE	TRUE
SCENIC_Ets65A_activating_regulon	Ets65A	-0.232543797056651	3.62559233781361e-282	0.054076617549525	FBgn0005658	FALSE	TRUE
SCENIC_RunxB_activating_regulon	RunxB	-0.234040287384929	6.92182540342861e-286	0.0547748561192202	FBgn0259162	FALSE	TRUE
SCENIC_ab_activating_regulon	ab	-0.23497366050701	3.21431768738543e-288	0.0552126211320638	FBgn0264442	FALSE	TRUE
SCENIC_amos_activating_regulon	amos	-0.235390290005501	2.89938643187523e-289	0.0554085886288739	FBgn0003270	FALSE	TRUE
SCENIC_Six4_activating_regulon	Six4	-0.235523751030359	1.34025950382298e-289	0.0554714372994105	FBgn0027364	FALSE	TRUE
SCENIC_CG15436_activating_regulon	CG15436	-0.235766542324465	3.28853592530186e-290	0.0555858624796338	FBgn0031610	FALSE	TRUE
SCENIC_fru_activating_regulon	fru	-0.235919984817736	1.35209432522146e-290	0.0556582392364008	FBgn0004652	FALSE	TRUE
SCENIC_dimm_activating_regulon	dimm	-0.236148385285571	3.59691321471483e-291	0.0557660598729822	FBgn0023091	FALSE	TRUE
SCENIC_run_activating_regulon	run	-0.236739766725902	1.15887109203916e-292	0.0560457171494344	FBgn0003300	FALSE	TRUE
SCENIC_onecut_activating_regulon	onecut	-0.237425965400713	2.12674859784358e-294	0.0563710890464606	FBgn0028996	FALSE	TRUE
SCENIC_l(3)neo38_activating_regulon	l(3)neo38	-0.238324820523322	1.10866680154577e-296	0.0567987200774734	FBgn0265276	FALSE	TRUE
SCENIC_mamo_activating_regulon	mamo	-0.238872570367768	4.45544210266144e-298	0.0570601048741044	FBgn0267033	FALSE	TRUE
SCENIC_CrebA_activating_regulon	CrebA	-0.239450974151834	1.48240109981955e-299	0.0573367690222622	FBgn0004396	FALSE	TRUE
SCENIC_Sp1_activating_regulon	Sp1	-0.242923548613996	1.93020833857265e-308	0.0590118504712166	FBgn0020378	FALSE	TRUE
SCENIC_bab1_activating_regulon	bab1	-0.244090165255266	1.11327964227321e-308	0.059580008774343	FBgn0004870	FALSE	TRUE
SCENIC_CG43347_activating_regulon	CG43347	-0.24562124955453	1.11253700068345e-308	0.0603297982327289	FBgn0263072	FALSE	TRUE
SCENIC_chinmo_activating_regulon	chinmo	-0.246284707800332	1.11253693052548e-308	0.0606561572962949	FBgn0086758	FALSE	TRUE
SCENIC_otp_activating_regulon	otp	-0.246526956159335	1.11253692954491e-308	0.0607755401131865	FBgn0015524	FALSE	TRUE
SCENIC_CG43689_activating_regulon	CG43689	-0.246602384436191	1.11253692943763e-308	0.0608127360096147	FBgn0263772	FALSE	TRUE
SCENIC_Sox102F_activating_regulon	Sox102F	-0.247635022495881	1.11253692925394e-308	0.0613231043665356	FBgn0039938	FALSE	TRUE
SCENIC_Ets96B_activating_regulon	Ets96B	-0.24837836140541	1.1125369292536e-308	0.0616918104144365	FBgn0039225	FALSE	TRUE
SCENIC_acj6_activating_regulon	acj6	-0.249040993408293	0	0.0620214163977896	FBgn0000028	FALSE	TRUE
SCENIC_Rfx_activating_regulon	Rfx	-0.251257786923473	0	0.0631304754896812	FBgn0020379	FALSE	TRUE
SCENIC_tsh_activating_regulon	tsh	-0.251470092460511	0	0.0632372074020979	FBgn0003866	FALSE	TRUE
SCENIC_fs(1)h_activating_regulon	fs(1)h	-0.25174526909529	0	0.0633756805118601	FBgn0004656	FALSE	TRUE
SCENIC_CG16779_activating_regulon	CG16779	-0.252508247825252	0	0.0637604152197787	FBgn0037698	FALSE	TRUE
SCENIC_RunxA_activating_regulon	RunxA	-0.253082317075516	0	0.0640506592163122	FBgn0083981	FALSE	TRUE
SCENIC_CG18265_activating_regulon	CG18265	-0.253319095961423	0	0.0641705643787125	FBgn0036725	FALSE	TRUE
SCENIC_hang_activating_regulon	hang	-0.255830577531483	0	0.0654492844000919	FBgn0026575	FALSE	TRUE
SCENIC_Sox21a_activating_regulon	Sox21a	-0.261756560904903	0	0.0685164971767624	FBgn0036411	FALSE	TRUE
SCENIC_Thd1_activating_regulon	Thd1	-0.262621469831759	0	0.0689700364165933	FBgn0026869	FALSE	TRUE
SCENIC_slou_activating_regulon	slou	-0.263091709028601	0	0.0692172473595899	FBgn0002941	FALSE	TRUE
SCENIC_pan_activating_regulon	pan	-0.263127430853255	0	0.0692360448674343	FBgn0085432	FALSE	TRUE
SCENIC_nerfin-2_activating_regulon	nerfin-2	-0.266529770923142	0	0.0710381187883426	FBgn0041105	FALSE	TRUE
SCENIC_zfh2_activating_regulon	zfh2	-0.26818483667585	0	0.0719231066228524	FBgn0004607	FALSE	TRUE
SCENIC_CG9650_activating_regulon	CG9650	-0.269826981584754	0	0.0728065999911393	FBgn0029939	FALSE	TRUE
SCENIC_rn_activating_regulon	rn	-0.269942518125449	0	0.0728689630919084	FBgn0267337	FALSE	TRUE
SCENIC_CG3726_activating_regulon	CG3726	-0.269967315914984	0	0.0728823516623408	FBgn0029824	FALSE	TRUE
SCENIC_FoxP_activating_regulon	FoxP	-0.270674159067289	0	0.0732645003867842	FBgn0262477	FALSE	TRUE
SCENIC_dan_activating_regulon	dan	-0.271404534094267	0	0.073660421126926	FBgn0039286	FALSE	TRUE
SCENIC_CG18011_activating_regulon	CG18011	-0.271452952556967	0	0.0736867054518949	FBgn0033491	FALSE	TRUE
SCENIC_TfAP-2_activating_regulon	TfAP-2	-0.27171749214834	0	0.0738303955393834	FBgn0261953	FALSE	TRUE
SCENIC_Mad_activating_regulon	Mad	-0.273234026207865	0	0.0746568330777603	FBgn0011648	FALSE	TRUE
SCENIC_CG32532_activating_regulon	CG32532	-0.27468444424261	0	0.0754515439088716	FBgn0052532	FALSE	TRUE
SCENIC_Mef2_activating_regulon	Mef2	-0.275188298253915	0	0.0757285994958855	FBgn0011656	FALSE	TRUE
SCENIC_psq_activating_regulon	psq	-0.281500419835966	0	0.0792424863678249	FBgn0263102	FALSE	TRUE
SCENIC_Ptx1_activating_regulon	Ptx1	-0.285996753916125	0	0.0817941432505604	FBgn0020912	FALSE	TRUE
SCENIC_E(bx)_activating_regulon	E(bx)	-0.286334464486374	0	0.0819874255526986	FBgn0000541	FALSE	TRUE
SCENIC_CG12071_activating_regulon	CG12071	-0.286617152609829	0	0.0821493921701662	FBgn0039808	FALSE	TRUE
SCENIC_CG17803_activating_regulon	CG17803	-0.286691795094194	0	0.0821921853743314	FBgn0038547	FALSE	TRUE
SCENIC_CG31224_activating_regulon	CG31224	-0.293031096591501	0	0.0858672235696173	FBgn0051224	FALSE	TRUE
SCENIC_Lim1_activating_regulon	Lim1	-0.298123320485442	0	0.0888775142172655	FBgn0026411	FALSE	TRUE
SCENIC_cic_activating_regulon	cic	-0.30688671212432	0	0.094179454078475	FBgn0262582	FALSE	TRUE
SCENIC_lov_activating_regulon	lov	-0.308136193055277	0	0.0949479134705987	FBgn0266129	FALSE	TRUE
SCENIC_EcR_activating_regulon	EcR	-0.309236200251797	0	0.0956270275461693	FBgn0000546	FALSE	TRUE
SCENIC_Mnt_activating_regulon	Mnt	-0.309340999396625	0	0.0956918539077028	FBgn0023215	FALSE	TRUE
SCENIC_BuGZ_activating_regulon	BuGZ	-0.314634860302231	0	0.0989950953174045	FBgn0032600	FALSE	TRUE
SCENIC_pdm3_activating_regulon	pdm3	-0.315443625630133	0	0.0995046809506832	FBgn0261588	FALSE	TRUE
SCENIC_Snoo_activating_regulon	Snoo	-0.319905755228179	0	0.102339692228112	FBgn0085450	FALSE	TRUE
SCENIC_ush_activating_regulon	ush	-0.333324621455059	0	0.111105303268158	FBgn0003963	FALSE	TRUE
SCENIC_NK7.1_activating_regulon	NK7.1	-0.334879899507027	0	0.112144547093837	FBgn0024321	FALSE	TRUE
SCENIC_cg_activating_regulon	cg	-0.344082027555256	0	0.118392441686536	FBgn0000289	FALSE	TRUE
SCENIC_luna_activating_regulon	luna	-0.358809523377307	0	0.12874427406625	FBgn0040765	FALSE	TRUE
SCENIC_BtbVII_activating_regulon	BtbVII	-0.377700409352303	0	0.142657599224897	FBgn0263108	FALSE	TRUE
SCENIC_NFAT_activating_regulon	NFAT	-0.387254708645852	0	0.149966209368384	FBgn0030505	FALSE	TRUE
SCENIC_Atf6_activating_regulon	Atf6	-0.402841097360382	0	0.162280949722517	FBgn0033010	FALSE	TRUE
SCENIC_jing_activating_regulon	jing	-0.409061617228134	0	0.167331406689296	FBgn0086655	FALSE	TRUE
SCENIC_tai_activating_regulon	tai	-0.436409067686273	0	0.190452874358802	FBgn0041092	FALSE	TRUE
SCENIC_lilli_activating_regulon	lilli	-0.451420597871585	0	0.203780556182739	FBgn0041111	FALSE	TRUE
SCENIC_gce_activating_regulon	gce	-0.469995692708203	0	0.220895951164264	FBgn0261703	FALSE	TRUE
