p_val	avg_log2FC	pct.1	pct.2	p_val_adj	gene	annotation
5.5734845488491e-11	1.57038658922239	0.537	0	1.33384632223057e-06	Ldh	adult brain cell body glial cell
1.21359922602144e-10	-1.2946514434617	0.195	0.69	2.90438566771451e-06	Obp99b	adult brain cell body glial cell
8.57961394384702e-10	-1.11930902035516	0.085	0.569	2.05327320904147e-05	GstD9	adult brain cell body glial cell
7.1785932378781e-09	1.19054375479917	0.902	0.828	0.000171798093368899	hzg	adult brain cell body glial cell
1.66928737460873e-08	1.4320794840691	0.524	0.086	0.00039949385449136	Dgp-1	adult brain cell body glial cell
2.34679343571575e-08	-1.18954268761823	0.476	0.897	0.000561634605035494	MFS9	adult brain cell body glial cell
4.96714219796831e-08	-1.05188256459465	0.573	0.948	0.00118873647081778	Sod3	adult brain cell body glial cell
4.84386349086799e-06	1.07926783859019	0.378	0.052	0.115923341063453	Arc1	adult brain cell body glial cell
9.1365361140136e-06	1.08516155938686	0.915	0.793	0.218655582280573	CG42663	adult brain cell body glial cell
1.63332173256546e-05	1.04451357404908	0.793	0.569	0.390886557037566	S	adult brain cell body glial cell
0.000190304055811083	-1.00502783339431	0.341	0.621	1	Nepl5	adult brain cell body glial cell
0.000410664288877381	1.11705678350891	0.402	0.155	1	CG9689	adult brain cell body glial cell
0.000632808753417907	1.21012453471669	0.829	0.81	1	Frl	adult brain cell body glial cell
0.00401495730844567	1.76041987210564	0.585	0.448	1	Fas3	adult brain cell body glial cell
8.83580953632419e-09	1.93583259863334	0.455	0	0.000211458593823311	Ldh	adult brain perineurial glial cell
1.26289506118374e-08	-1.84369874314861	0.152	0.614	0.000302236046042494	Obp99b	adult brain perineurial glial cell
1.46238317415014e-06	-1.64254746519641	0.288	0.649	0.0349977541237612	RR48373-transposable-element	adult brain perineurial glial cell
4.64637875661918e-05	-1.06266787885463	0	0.228	1	FBti0020178	adult brain perineurial glial cell
0.000128167267928169	-1.37790902013271	0.061	0.316	1	CG32407	adult brain perineurial glial cell
0.000158707288183293	-1.01745828704477	0.621	0.789	1	CG6503	adult brain perineurial glial cell
0.000170478731886852	1.05386456299496	0.621	0.316	1	CG16779	adult brain perineurial glial cell
0.000359607806332852	-1.16591949714636	1	1	1	lncRNA:CR34335	adult brain perineurial glial cell
0.000389923633375636	-1.18194467308918	0.424	0.684	1	CG10226	adult brain perineurial glial cell
0.00041999334333663	2.0033597550976	0.545	0.246	1	Myo81F	adult brain perineurial glial cell
0.000768803939387321	-1.1204228689202	0.121	0.368	1	Oat	adult brain perineurial glial cell
0.000985024324446885	1.11403050052287	0.561	0.298	1	CG10960	adult brain perineurial glial cell
0.00150749370548705	-1.342973982312	0.818	0.877	1	Cys	adult brain perineurial glial cell
0.00202222704477293	-1.02986411606734	0.561	0.754	1	stl	adult brain perineurial glial cell
0.00205421754943658	1.15077777198102	0.515	0.263	1	FBti0019603	adult brain perineurial glial cell
0.00206698214781437	1.05605427703115	0.455	0.193	1	CG8861	adult brain perineurial glial cell
0.00240408660838271	1.13060872601652	0.742	0.474	1	mbl	adult brain perineurial glial cell
0.0030173663945518	-1.47508918069911	0.061	0.246	1	FBti0019466	adult brain perineurial glial cell
0.0031472746429255	1.03071081978098	0.652	0.404	1	jeb	adult brain perineurial glial cell
5.60796447473535e-15	-3.94684612659413	0.544	0.951	1.34209805809366e-10	CG45263	adult lamina epithelial/marginal glial cell
5.39577177413313e-08	1.74674296178601	0.544	0.024	0.00129131610098554	asRNA:CR45600	adult lamina epithelial/marginal glial cell
1.98382013938177e-07	1.40300817319602	0.485	0	0.00474767835756844	CG6912	adult lamina epithelial/marginal glial cell
1.03722513000268e-06	1.55878246516745	0.441	0	0.0248228718112242	Ldh	adult lamina epithelial/marginal glial cell
5.80702496843911e-06	1.46231167781192	0.515	0.073	0.138973721544685	lncRNA:CR43909	adult lamina epithelial/marginal glial cell
1.58560004119954e-05	-1.72158883493532	0.191	0.537	0.379465801859874	Obp99b	adult lamina epithelial/marginal glial cell
5.27791915915483e-05	1.12405169038546	0.441	0.073	1	asRNA:CR45161	adult lamina epithelial/marginal glial cell
0.000139934169910925	1.11598720398836	0.382	0.049	1	Mtk	adult lamina epithelial/marginal glial cell
0.000216078816210382	-1.4378302324928	0.353	0.634	1	CG43861	adult lamina epithelial/marginal glial cell
0.00042352163906592	1.059162616269	0.338	0.049	1	CG33978	adult lamina epithelial/marginal glial cell
0.000693439483248492	1.13506102590105	0.809	0.488	1	CG14989	adult lamina epithelial/marginal glial cell
0.000874507079534919	1.08283754801117	0.235	0	1	lncRNA:CR45279	adult lamina epithelial/marginal glial cell
0.000964763411630005	1.13622267589106	0.397	0.098	1	Hpd	adult lamina epithelial/marginal glial cell
0.00267533148898401	1.03785763337759	0.868	0.512	1	retinin	adult lamina epithelial/marginal glial cell
0.0029349086282999	1.19115509800433	0.382	0.122	1	dnr1	adult lamina epithelial/marginal glial cell
7.78050262633987e-21	-1.92350792239474	0.121	0.608	1.86202988853566e-16	Obp99b	adult optic chiasma glial cell
2.41743055833741e-16	1.72724315716345	0.431	0	5.7853948122131e-12	Ldh	adult optic chiasma glial cell
4.4892648725895e-11	1.19798339550303	0.345	0.025	1.07437086930812e-06	Dro	adult optic chiasma glial cell
3.370431380814e-08	1.02196113487896	0.753	0.492	0.000806611638056406	Xrp1	adult optic chiasma glial cell
3.57939375076377e-08	1.10789575352256	0.776	0.492	0.000856620512432786	hzg	adult optic chiasma glial cell
2.71071722875429e-07	-1.01805492231556	0.264	0.542	0.00648728847185476	RR48373-transposable-element	adult optic chiasma glial cell
3.8043529513797e-07	1.16767631124783	0.615	0.333	0.00910457748324188	Ntan1	adult optic chiasma glial cell
1.67056035509033e-06	1.74107914674095	0.466	0.208	0.0399798504180217	Mmp1	adult optic chiasma glial cell
2.22050050861814e-19	2.05032041878818	0.556	0.009	5.31410181722493e-15	asRNA:CR45600	adult reticular neuropil associated glial cell
2.25081969566209e-18	1.69342897494232	0.546	0.018	5.38666169565851e-14	CG6912	adult reticular neuropil associated glial cell
8.84650445603054e-17	-1.80382416118896	0.111	0.658	2.11714544641723e-12	Obp99b	adult reticular neuropil associated glial cell
1.86406488659395e-15	1.89998351233911	0.481	0.018	4.46108008659663e-11	Ldh	adult reticular neuropil associated glial cell
1.50616524568275e-06	-1.06553398138592	0.046	0.281	0.0360455466596796	TotA	adult reticular neuropil associated glial cell
3.19902579581236e-06	1.0659345779895	0.389	0.123	0.0765590853453815	Dgp-1	adult reticular neuropil associated glial cell
3.08160953462449e-05	1.11653484800117	0.185	0.018	0.737490793826333	bnl	adult reticular neuropil associated glial cell
0.000217539386480558	1.17784001044101	0.583	0.421	1	hzg	adult reticular neuropil associated glial cell
0.000309687333241536	1.03921481380698	0.204	0.044	1	Hsp26	adult reticular neuropil associated glial cell
2.21439595235761e-07	-1.01882371481155	0.889	0.95	0.00529949239318223	CG2016	centrifugal neuron C2
3.09040239566824e-07	1.29952004100338	0.238	0	0.00739595101331323	Ldh	centrifugal neuron C2
3.60743318150086e-07	1.77677051644534	0.286	0.02	0.00863330908996787	CG33978	centrifugal neuron C2
2.19548393194295e-06	1.27361974159778	0.238	0.01	0.0525423214592586	Dro	centrifugal neuron C2
4.36082361790518e-06	1.07021972185347	0.365	0.069	0.104363230823707	Drs	centrifugal neuron C2
5.11330549095712e-06	-1.25931131831253	0.238	0.564	0.122371627009586	RR48373-transposable-element	centrifugal neuron C2
5.25406460378927e-06	-1.56935963730687	0.079	0.396	0.125740274097885	Obp99b	centrifugal neuron C2
0.000224929377233747	-1.15362288776044	0.302	0.545	1	CG14186	centrifugal neuron C2
0.000605557557003402	-1.01308234244238	0.111	0.347	1	28SrRNA-Psi:CR40596	centrifugal neuron C2
0.00130939603274855	-1.09699734932132	0.159	0.386	1	Ccn	centrifugal neuron C2
0.0049402119673413	1.07433412436487	0.254	0.089	1	Cpr72Ec	centrifugal neuron C2
0.000433506584929012	1.41775674175665	0.333	0	1	CG3078	centrifugal neuron C3
0.000433506584929012	1.74897613287884	0.333	0	1	Thor	centrifugal neuron C3
0.000643062771083482	1.23726302163788	0.889	0.441	1	gish	centrifugal neuron C3
0.000703947917301567	1.3217893845102	0.611	0.147	1	CkIIbeta	centrifugal neuron C3
0.000749910266018292	-1.58678598667437	0.278	0.706	1	Rab3	centrifugal neuron C3
0.000921623202999441	1.7991866443763	0.444	0.059	1	drongo	centrifugal neuron C3
0.00109777983505318	1.59966136696392	0.611	0.176	1	Tsf1	centrifugal neuron C3
0.00132336281897507	1.49878737806216	0.778	0.471	1	CG17816	centrifugal neuron C3
0.00148674573909394	1.13559317203812	0.278	0	1	CG4596	centrifugal neuron C3
0.00148674573909394	1.16419919647587	0.278	0	1	Inx3	centrifugal neuron C3
0.00148674573909394	1.31040635397392	0.278	0	1	FBti0019603	centrifugal neuron C3
0.00148674573909394	1.27202978662548	0.278	0	1	Proc	centrifugal neuron C3
0.00255194446684502	1.02629103911056	0.556	0.118	1	Nrg	centrifugal neuron C3
0.00267123997421034	1.18673332975888	0.444	0.088	1	alc	centrifugal neuron C3
0.00301336686096596	1.41357190562193	0.333	0.029	1	tun	centrifugal neuron C3
0.00337595118300152	-1.832270261588	0.111	0.5	1	CG32085	centrifugal neuron C3
0.00427636827252017	1.13766390967664	0.5	0.147	1	CG41378	centrifugal neuron C3
0.00444737076710914	1.23406551511036	0.389	0.059	1	CCKLR-17D3	centrifugal neuron C3
0.00495896677213366	1.39349440058778	0.222	0	1	Rh2	centrifugal neuron C3
0.00495896677213366	1.09701189888757	0.222	0	1	snu	centrifugal neuron C3
0.00495896677213366	1.05695775695778	0.222	0	1	crb	centrifugal neuron C3
0.00495896677213366	1.15936253691595	0.222	0	1	CG3902	centrifugal neuron C3
0.00495896677213366	1.29540661346263	0.222	0	1	Sfmbt	centrifugal neuron C3
0.00495896677213366	1.09191643579089	0.222	0	1	CG3345	centrifugal neuron C3
4.35851512414752e-19	1.36362970090254	0.261	0.004	1.04307983951099e-14	Ldh	cholinergic neuron
5.10896421015064e-19	-1.27270385094212	0.069	0.409	1.22267731477325e-14	Obp99b	cholinergic neuron
6.28415180326415e-14	1.65416426976301	0.233	0.021	1.50392320955718e-09	CG33978	cholinergic neuron
9.34601324459354e-14	-1.02802620495275	0.269	0.577	2.23668788969613e-09	RR48373-transposable-element	cholinergic neuron
1.19776273596334e-07	-1.63971405230429	0.268	0.644	0.00286648577970747	Syn1	columnar neuron T1
7.88349649025715e-06	-1.58566434138416	0.099	0.425	0.188667838004834	Obp99b	columnar neuron T1
1.4496581801844e-05	1.17921699416747	0.465	0.151	0.34693219568173	Xrp1	columnar neuron T1
4.41337297164175e-05	1.1068693785836	0.507	0.192	1	hzg	columnar neuron T1
6.14475631993449e-05	-1.18443761204971	0.113	0.384	1	28SrRNA-Psi:CR45859	columnar neuron T1
9.04181578748647e-05	-1.09662758203555	0.254	0.534	1	RR48373-transposable-element	columnar neuron T1
0.000266999478213712	1.78508590605827	0.254	0.041	1	CG33978	columnar neuron T1
0.000355444131969642	1.00772781459766	0.676	0.397	1	CG4577	columnar neuron T1
4.54653757485143e-87	-2.04789513155606	0.133	0.603	1.08807737241345e-82	Obp99b	cone cell
9.56609640625451e-77	2.30150016362111	0.441	0.017	2.28935819194483e-72	Ldh	cone cell
1.64429497648755e-46	1.48740101694418	0.497	0.177	3.93512673773001e-42	FBti0019603	cone cell
2.07585271318925e-40	1.38666818188549	0.329	0.048	4.96793071320451e-36	Dro	cone cell
3.93127144084122e-39	1.45471378001446	0.34	0.062	9.40831881222121e-35	Dgp-1	cone cell
2.51951988691406e-35	1.26694230980029	0.375	0.098	6.02971499336273e-31	Mtk	cone cell
1.42270507903176e-34	-1.63049272998569	0.172	0.43	3.4048177951388e-30	FBti0019143	cone cell
2.06354793749952e-32	1.09834492904538	0.274	0.041	4.93848292402384e-28	Arc1	cone cell
1.222946835747e-29	1.18313303696401	0.454	0.18	2.92675636730973e-25	Drs	cone cell
9.55463949661955e-25	-1.19619563170597	0.391	0.573	2.28661632433099e-20	rdhB	cone cell
6.90600566905736e-24	-1.01552699300344	0.281	0.53	1.65274527671881e-19	RR48373-transposable-element	cone cell
1.95645856096447e-23	-1.05621917971654	0.183	0.398	4.68219662810017e-19	ND-75	cone cell
0.000356387667455479	1.07754097468781	0.168	0.103	1	CG12239	cone cell
1.41136328537669e-11	-2.36512155183162	0	0.362	3.3776746145635e-07	Obp99b	distal medullary amacrine neuron Dm3
7.62813219917016e-08	1.57345205893244	0.204	0	0.0018255645979054	Ldh	distal medullary amacrine neuron Dm3
6.1607210313387e-06	1.59514479100189	0.184	0.015	0.147438375721998	CG33978	distal medullary amacrine neuron Dm3
7.09393971303523e-06	1.25826544660552	0.388	0.131	0.169772165212359	hzg	distal medullary amacrine neuron Dm3
1.29826336816758e-05	1.22715909795473	0.175	0.015	0.310700389269866	Dgp-1	distal medullary amacrine neuron Dm3
1.41512733505353e-05	1.06150133289619	0.592	0.362	0.338668273825012	retinin	distal medullary amacrine neuron Dm3
3.59734165287323e-05	1.09854043115453	0.301	0.092	0.860915804365622	Cpr72Ec	distal medullary amacrine neuron Dm3
4.3405245537525e-05	1.01388843891432	0.165	0.015	1	Dro	distal medullary amacrine neuron Dm3
0.000485104466457865	-1.21644922663551	0.117	0.292	1	Syn1	distal medullary amacrine neuron Dm3
0.000618474327644421	-1.11068805403433	0	0.108	1	FBti0020120	distal medullary amacrine neuron Dm3
0.00250731442618284	-1.00192063789627	0.029	0.146	1	ND-75	distal medullary amacrine neuron Dm3
1.99248633853395e-05	-1.50965133430368	0.52	0.95	0.476841830537946	kcc	distal medullary amacrine neuron Dm8
0.000258491864423891	-1.91498764470561	0.04	0.55	1	Obp99b	distal medullary amacrine neuron Dm8
0.000739739272857118	-1.39911365139138	0.52	0.9	1	mbl	distal medullary amacrine neuron Dm8
0.00105248133947998	1.94372935184706	0.72	0.35	1	CG1358	distal medullary amacrine neuron Dm8
0.00137869682812435	-1.48504483870687	0.76	0.85	1	CG6044	distal medullary amacrine neuron Dm8
0.00160609195734709	-2.05479457120116	0.08	0.5	1	Gfrl	distal medullary amacrine neuron Dm8
0.00163202085902947	-2.30453936287574	0	0.35	1	mim	distal medullary amacrine neuron Dm8
0.0019564856286522	-1.24790506683129	0.36	0.8	1	Lis-1	distal medullary amacrine neuron Dm8
0.00225064177270196	-1.15934527062952	0.76	0.95	1	mamo	distal medullary amacrine neuron Dm8
0.00265023857673402	1.96226169178809	0.68	0.25	1	Stacl	distal medullary amacrine neuron Dm8
0.00275449974890909	1.11884765049227	0.8	0.4	1	cic	distal medullary amacrine neuron Dm8
0.00311084773554208	-1.15143979398038	0.28	0.75	1	RpL35	distal medullary amacrine neuron Dm8
0.00318796739827102	-1.5945953845165	0.2	0.6	1	Toll-6	distal medullary amacrine neuron Dm8
0.00327841306774201	-1.35421367369544	0.16	0.55	1	ND-49	distal medullary amacrine neuron Dm8
0.00328554135894042	2.00002387074533	0.48	0.05	1	DIP-gamma	distal medullary amacrine neuron Dm8
0.00397771866243734	-1.53936427169091	0	0.3	1	wit	distal medullary amacrine neuron Dm8
0.00412842529737323	-1.43818474819219	0.12	0.5	1	CG32206	distal medullary amacrine neuron Dm8
0.00417517531947563	1.21448323100315	0.88	0.6	1	Ank2	distal medullary amacrine neuron Dm8
0.00471993404170726	1.50344535151096	0.48	0.1	1	olf413	distal medullary amacrine neuron Dm8
0.00478833385230567	-1.00706525913103	0.96	1	1	Ggamma30A	distal medullary amacrine neuron Dm8
0.000164071487817372	-1.53122383136847	0.19	0.769	1	CG6966	distal medullary amacrine neuron Dm9
0.000223247619765923	-1.40591307944928	0	0.5	1	CG33203	distal medullary amacrine neuron Dm9
0.000457426242052414	-1.32887774067031	0	0.462	1	NUCB1	distal medullary amacrine neuron Dm9
0.000521380013946653	-1.04293397553374	0.095	0.654	1	JIL-1	distal medullary amacrine neuron Dm9
0.000810467231927563	-1.26670199598692	0.048	0.538	1	Gs2	distal medullary amacrine neuron Dm9
0.00110621605075257	1.19514163897175	0.762	0.385	1	awd	distal medullary amacrine neuron Dm9
0.00150934390040723	-1.02388971724483	0.143	0.654	1	Dg	distal medullary amacrine neuron Dm9
0.00178258179194127	-1.07014907921555	0	0.385	1	28SrRNA-Psi:CR45859	distal medullary amacrine neuron Dm9
0.0019104458363905	-1.37386039399784	0.095	0.538	1	CG43707	distal medullary amacrine neuron Dm9
0.00197608110201266	-1.04313825328447	0.81	0.962	1	rdgA	distal medullary amacrine neuron Dm9
0.00204082190121322	-1.19547511717761	0.095	0.577	1	CG14464	distal medullary amacrine neuron Dm9
0.00270251599113665	-1.1027372690405	0.143	0.615	1	CkIIbeta	distal medullary amacrine neuron Dm9
0.00290964455516714	-1.21468866719777	0.095	0.538	1	CG9132	distal medullary amacrine neuron Dm9
0.00307549320494849	1.10770238379927	0.381	0.038	1	CG17765	distal medullary amacrine neuron Dm9
0.00321877863419378	-1.0333525302926	0.048	0.423	1	bsk	distal medullary amacrine neuron Dm9
0.00370636389238807	1.25556326593211	0.81	0.692	1	RpS12	distal medullary amacrine neuron Dm9
0.00406841670119077	-1.2237689427986	0.143	0.538	1	l(1)G0289	distal medullary amacrine neuron Dm9
1.19389578488542e-12	2.2952884298896	0.522	0.011	2.85723139238779e-08	Ldh	dopaminergic neuron
3.65869303284937e-08	1.26115422908127	0.348	0.011	0.000875598416621511	Dro	dopaminergic neuron
1.84002690945423e-07	1.20956443748761	0.283	0	0.00440355239970586	y	dopaminergic neuron
1.9836309101412e-07	2.19015167179252	0.37	0.034	0.00474722549414993	CG33978	dopaminergic neuron
8.65956257301152e-06	-1.49319097617777	0.239	0.602	0.207240651497312	RR48373-transposable-element	dopaminergic neuron
0.00012241360565888	1.03399932613852	0.957	0.898	1	Ald1	dopaminergic neuron
0.000184833727468493	1.39163301927828	0.413	0.136	1	ct	dopaminergic neuron
0.000357393786668389	1.77913960520287	0.5	0.239	1	hzg	dopaminergic neuron
0.00396379200833228	-1.02163711454952	0.261	0.477	1	CG18467	dopaminergic neuron
5.62285850851634e-119	-1.97634911607099	0.141	0.678	1.34566249825813e-114	Obp99b	epithelial cell
2.62919992951502e-82	1.72781998068886	0.414	0.008	6.29220127131534e-78	Ldh	epithelial cell
4.19071796087207e-45	1.11734967651456	0.356	0.065	1.0029226223959e-40	Dro	epithelial cell
5.37474325513812e-39	1.02178212202961	0.38	0.107	1.28628355581965e-34	Dgp-1	epithelial cell
4.47569020114547e-37	1.17768219408539	0.489	0.19	1.07112217893813e-32	Drs	epithelial cell
2.05910649988365e-18	-1.21646976994162	0.38	0.537	4.92785367552156e-14	h	epithelial cell
6.75947464902862e-08	1.04280071550249	0.22	0.123	0.00161767747300553	CG31205	epithelial cell
1.57613774967318e-06	1.1268802214742	0.173	0.092	0.0377201286251786	CG12239	epithelial cell
2.44020345998534e-05	-1.19322253796737	0.287	0.367	0.583989492043691	ple	epithelial cell
1.83722112891225e-40	1.77988333677705	0.681	0.26	4.39683760571279e-36	hzg	gabaergic neuron
1.13906334154458e-34	1.46643424145879	0.285	0.004	2.72600638898449e-30	Ldh	gabaergic neuron
3.37272075398791e-28	1.20890366567869	0.223	0	8.07159530844387e-24	y	gabaergic neuron
1.84205450766991e-22	-1.1888949961993	0.054	0.387	4.40840484775564e-18	Obp99b	gabaergic neuron
3.20212489976185e-21	1.79161649499934	0.342	0.083	7.66332531011007e-17	CG33978	gabaergic neuron
2.4698791430349e-18	2.00198840288417	0.902	0.572	5.91091476511113e-14	hzg	gamma kenyon cell
8.66171958281819e-15	1.11676790545871	0.348	0	2.07292273056005e-10	CG6912	gamma kenyon cell
2.8382648536173e-11	1.12571051963289	0.283	0.007	6.79253544767693e-07	Ldh	gamma kenyon cell
2.38646550841168e-10	-1.30096112940274	0.087	0.48	5.71128925473083e-06	Obp99b	gamma kenyon cell
4.98729786267956e-08	-1.01688962637985	0.337	0.651	0.00119356012449647	Syn1	gamma kenyon cell
6.48342977013108e-08	1.39320430483003	0.88	0.73	0.00155161441258777	Nplp3	gamma kenyon cell
2.35177492240343e-06	-1.04713030864727	0.207	0.493	0.056282677442959	RR48373-transposable-element	gamma kenyon cell
8.69410613120284e-29	1.05488205872006	0.23	0	2.08067347931947e-24	Ldh	glutamatergic neuron
1.96627453159406e-26	-1.28905254387953	0.072	0.428	4.70568820901089e-22	Obp99b	glutamatergic neuron
3.37937560536859e-24	1.56780249666591	0.556	0.241	8.08752169876811e-20	hzg	glutamatergic neuron
1.30838881424083e-16	1.53628624594491	0.26	0.061	3.13123611024114e-12	CG33978	glutamatergic neuron
2.14928829082543e-05	1.11935772625533	0.276	0.154	0.514367673760341	Proc	glutamatergic neuron
1.37641530952428e-10	-2.55156687765597	0.478	0.935	3.2940371187535e-06	CG17839	hemocyte
6.22525511422006e-06	-1.57444910004619	0.435	0.804	0.148982805393515	CG17574	hemocyte
1.04571678342992e-05	-1.52923829096308	0.457	0.804	0.250260940610448	Kr-h1	hemocyte
2.28615949499875e-05	1.49672346515949	0.565	0.174	0.547123690343101	aay	hemocyte
2.54513964756573e-05	-1.17822361270413	0.652	0.848	0.609102820455429	l(1)G0196	hemocyte
2.88585619442754e-05	1.05964977380396	0.326	0	0.690643104450399	AttC	hemocyte
2.88585619442754e-05	1.69284188315782	0.326	0	0.690643104450399	FBti0019052	hemocyte
3.24234733707412e-05	-1.75220765864644	0.13	0.5	0.775958564708578	Obp99b	hemocyte
3.25722896095494e-05	1.39101978813536	0.87	0.522	0.779520034935736	spir	hemocyte
4.78446518429552e-05	-1.26853372666356	0.674	0.891	1	Inos	hemocyte
0.000105441585259163	1.13248680867018	0.326	0.022	1	Dro	hemocyte
0.000115213833826565	1.28850023891349	0.565	0.174	1	Ubi-p63E	hemocyte
0.000125226695256504	-1.28127941724187	0.783	0.935	1	Nplp2	hemocyte
0.000198834222737396	1.32018148553698	0.587	0.217	1	CG33978	hemocyte
0.000232685428559218	1.20478107415811	0.587	0.239	1	mt:srRNA	hemocyte
0.00023690745834351	1.43431331818476	0.261	0	1	Ldh	hemocyte
0.000243929412219949	1.26947228747758	0.37	0.065	1	DnaJ-1	hemocyte
0.000249256718676237	1.10118755637575	0.674	0.391	1	Act5C	hemocyte
0.000301766894333742	1.1032896881473	0.348	0.043	1	Rel	hemocyte
0.000318241889213375	-1.05386815997106	0.87	0.87	1	lilli	hemocyte
0.000380352918511041	1.54509667426619	0.435	0.109	1	Drs	hemocyte
0.000417078830345583	-1.1283569794342	0.717	0.913	1	Pxn	hemocyte
0.000592889546204457	-1.23382534468302	0.326	0.652	1	Mitf	hemocyte
0.000617518620136189	-1.06815853479682	0.761	0.913	1	MESR3	hemocyte
0.000634266492136048	1.04889590760583	0.478	0.152	1	BomT3	hemocyte
0.000943160057682639	-1.27070375865901	0.022	0.261	1	FBti0019000	hemocyte
0.00133731856547488	-1.69488587561137	0.326	0.609	1	CG8745	hemocyte
0.00153650165220485	-1.11403202791582	0.239	0.543	1	Idh	hemocyte
0.00164548148788931	1.100099429959	0.391	0.109	1	KdelR	hemocyte
0.00179458604659641	1.21276542816525	0.239	0.022	1	Dgp-1	hemocyte
0.00253592120421972	1.09684994624471	0.326	0.087	1	CG9281	hemocyte
0.00294413075372899	1.02741328763659	0.652	0.326	1	CG13784	hemocyte
0.00297414137968115	1.4732182170435	0.304	0.065	1	CG5953	hemocyte
0.00330743600968949	-1.34499483305621	0.413	0.609	1	28SrRNA-Psi:CR40596	hemocyte
8.95832751295976e-39	2.38044562924721	0.985	0.537	2.14390694040153e-34	hzg	kenyon cell
6.27949657870295e-12	-1.35135546388916	0.061	0.415	1.50280912121519e-07	Obp99b	kenyon cell
2.51123504796713e-11	1.5793056427542	0.303	0.024	6.00988771679493e-07	CG33978	kenyon cell
2.94037513894793e-11	1.12797179678692	0.242	0	7.03690578253019e-07	Ldh	kenyon cell
3.92734915641121e-11	-1.22275024158547	0.189	0.567	9.3989320011233e-07	RR48373-transposable-element	kenyon cell
6.96953230960508e-08	1.00131925573933	0.212	0.018	0.00166794847233469	Mtk	kenyon cell
0.00123070827422226	1.09299156543211	0.598	0.415	1	CG14989	kenyon cell
1.22071777353522e-12	1.47625405558273	0.365	0	2.9214217756245e-08	Ldh	lamina monopolar neuron L1 + L2
4.17202491661465e-12	-1.18578176894839	0.104	0.53	9.98449003044218e-08	Obp99b	lamina monopolar neuron L1 + L2
1.7237398749959e-08	-1.14884977342889	0.243	0.574	0.000412525426884018	RR48373-transposable-element	lamina monopolar neuron L1 + L2
2.56050071326773e-06	1.8433110236227	0.357	0.113	0.0612779030699233	CG33978	lamina monopolar neuron L1 + L2
7.06017471491867e-05	1.28215037436564	0.452	0.235	1	hzg	lamina monopolar neuron L1 + L2
9.27877581113009e-12	1.68940335483578	0.946	0.475	2.22059662711965e-07	jeb	lamina monopolar neuron L3
7.07862664851106e-06	-1.20427525009741	0.203	0.559	0.169405692952167	RR48373-transposable-element	lamina monopolar neuron L3
1.76034967432559e-05	1.15320615313365	0.27	0	0.421286884059601	Ldh	lamina monopolar neuron L3
2.07457610292266e-05	-1.23407454213731	0.149	0.475	0.49648755295145	Obp99b	lamina monopolar neuron L3
2.48330639992414e-05	1.17245123439489	0.297	0.017	0.594304887629846	Dro	lamina monopolar neuron L3
0.000394363777086807	-1.00206520719584	0.216	0.492	1	glec	lamina monopolar neuron L3
0.000405790269893385	1.45359272901555	0.405	0.136	1	Dl	lamina monopolar neuron L3
0.0039632018841061	-1.01924800468125	0.189	0.39	1	Wnt10	lamina monopolar neuron L3
2.53632935154385e-09	1.67416866944357	0.359	0	6.06994340411475e-05	Ldh	lamina monopolar neuron L4
1.98841350219368e-06	-1.4621253095288	0.062	0.412	0.0475867119344993	Obp99b	lamina monopolar neuron L4
6.40145304822232e-06	1.33134101021626	0.719	0.424	0.153199574350057	retinin	lamina monopolar neuron L4
0.000134077023538904	1.58225648107382	0.344	0.094	1	Drs	lamina monopolar neuron L4
0.0004151739701238	1.19056365888839	0.422	0.176	1	hzg	lamina monopolar neuron L4
0.000484254172791721	1.74786913206165	0.25	0.059	1	CG33978	lamina monopolar neuron L4
0.00241430009350854	1.00482874238435	0.344	0.141	1	Rh6	lamina monopolar neuron L4
3.83844299686161e-05	-1.70869836886551	0.28	0.795	0.918616178008921	Vha44	lamina monopolar neuron L5
0.000834726207425523	-2.22151430876623	0.08	0.462	1	Obp99b	lamina monopolar neuron L5
0.00087286370839941	1.40976076093839	0.48	0.128	1	lncRNA:CR44922	lamina monopolar neuron L5
0.00104517301303631	1.20802632174245	0.32	0.026	1	Pp2B-14D	lamina monopolar neuron L5
0.0015246348939327	1.38197788112577	0.24	0	1	Tsp42Ea	lamina monopolar neuron L5
0.00163566829164616	1.1853824703167	0.6	0.231	1	nocte	lamina monopolar neuron L5
0.00236433215807648	1.30911552518492	0.44	0.128	1	SERCA	lamina monopolar neuron L5
0.00236915889463849	-1.45753673091143	0.08	0.462	1	Cirl	lamina monopolar neuron L5
0.00295726172444309	1.57736711444948	0.32	0.051	1	ND-B15	lamina monopolar neuron L5
0.00322175881086769	1.35417022311404	0.28	0.026	1	Naprt	lamina monopolar neuron L5
0.00395151450862208	1.40036078452413	0.4	0.103	1	jing	lamina monopolar neuron L5
0.00412903374489999	1.02454429287312	0.2	0	1	CG5938	lamina monopolar neuron L5
0.00412903374489999	1.26868927613234	0.2	0	1	Rip11	lamina monopolar neuron L5
0.00419672472000643	1.29418845635623	0.4	0.103	1	CG18598	lamina monopolar neuron L5
0.00472898885366808	1.20879027144208	0.4	0.103	1	Tpi	lamina monopolar neuron L5
5.07488775508304e-10	1.42783409337952	0.379	0	1.21452213754647e-05	FBti0063565	lamina wide-field 2 neuron
7.99752554466488e-08	1.88828756062366	0.293	0	0.0019139678133492	CG33978	lamina wide-field 2 neuron
4.74970216781476e-07	-1.06318453522521	0.345	0.739	0.0113669872280143	COX8	lamina wide-field 2 neuron
1.31931958739985e-05	-1.15180926583055	0.103	0.455	0.315739563656532	Obp99b	lamina wide-field 2 neuron
1.80729670727138e-05	-1.10164147706941	0.224	0.614	0.432522247984187	Hr38	lamina wide-field 2 neuron
2.56330814194369e-08	-1.46182049604357	0.059	0.469	0.000613450904529963	Obp99b	lobular columnar neuron LC12
1.66794639756848e-07	1.29639712673176	0.279	0.01	0.00399172931866087	Ldh	lobular columnar neuron LC12
2.55081813883145e-06	1.0893100572161	0.574	0.235	0.0610461796985142	hzg	lobular columnar neuron LC12
1.0350414530499e-05	-1.16433331481572	0.294	0.602	0.247706120543902	TMS1	lobular columnar neuron LC12
0.000154655837922911	1.43798128485118	0.309	0.092	1	CG33978	lobular columnar neuron LC12
0.000214542533956968	-1.12725366482618	0.25	0.51	1	RR48373-transposable-element	lobular columnar neuron LC12
0.000308854140349901	1.110262344598	0.338	0.122	1	BomS3	lobular columnar neuron LC12
0.000523319945104888	-1.02868205029734	0.044	0.255	1	lncRNA:CR44024	lobular columnar neuron LC12
0.00402151520284275	1.06435922633174	0.279	0.122	1	path	lobular columnar neuron LC12
2.23234038415032e-07	1.48504644067042	0.381	0.015	0.00534243700734856	Ldh	medullary intrinsic neuron Mi1
1.57073985995413e-06	-1.69667105425122	0.079	0.446	0.0375909463284223	Obp99b	medullary intrinsic neuron Mi1
8.17208197009697e-06	1.04728876136606	0.27	0	0.195574265708361	Dro	medullary intrinsic neuron Mi1
3.51253832060337e-05	-1.19733224641977	0.159	0.477	0.840620670886799	RR48373-transposable-element	medullary intrinsic neuron Mi1
0.00030140188360037	1.24669311555575	0.286	0.046	1	CG33978	medullary intrinsic neuron Mi1
0.0015844824836008	1.00425254412256	0.413	0.154	1	trv	medullary intrinsic neuron Mi1
0.00187670001882901	-1.44545488692064	0.143	0.354	1	ome	medullary intrinsic neuron Mi1
0.000743892137510532	-2.01799418175187	0.1	0.667	1	RR48373-transposable-element	medullary intrinsic neuron Mi15
0.000818387400981565	1.96470389850564	0.4	0	1	Rab1	medullary intrinsic neuron Mi15
0.00120566244818198	1.06311544665663	0.8	0.25	1	elav	medullary intrinsic neuron Mi15
0.00143683501295098	1.60837701426576	0.7	0.333	1	retinin	medullary intrinsic neuron Mi15
0.00254265117297828	-1.22173722072875	0.5	0.792	1	CG10082	medullary intrinsic neuron Mi15
0.00374671397036493	1.0808349083144	0.85	0.458	1	ed	medullary intrinsic neuron Mi15
0.00393316728276167	1.79659355597082	0.65	0.208	1	RpS12	medullary intrinsic neuron Mi15
0.00452864266856981	1.34693951968864	0.8	0.375	1	Frq1	medullary intrinsic neuron Mi15
0.00473249290132951	1.78231852789909	0.3	0	1	olf413	medullary intrinsic neuron Mi15
0.00473249290132951	1.66623476822346	0.3	0	1	Treh	medullary intrinsic neuron Mi15
0.00496256752740384	1.12213873578825	0.9	0.667	1	Ald1	medullary intrinsic neuron Mi15
1.04030121361456e-19	1.2721993547793	0.257	0	2.48964886442237e-15	Ldh	medullary intrinsic neuron Mi4
8.8201100326411e-16	-1.13225779183402	0.091	0.411	2.11082873301167e-11	Obp99b	medullary intrinsic neuron Mi4
5.41393961707434e-11	1.49057283347317	0.274	0.07	1.29566402915823e-06	CG33978	medullary intrinsic neuron Mi4
7.52156492926364e-11	1.13797786672086	0.483	0.24	1.80006091887137e-06	hzg	medullary intrinsic neuron Mi4
3.20154318824502e-15	1.4010577393348	0.425	0.008	7.66193315810797e-11	Ldh	olfactory receptor neuron
8.69940292545079e-12	1.30032060170874	0.378	0.032	2.08194110811888e-07	Dro	olfactory receptor neuron
3.31312871445435e-09	-1.26831390378581	0.134	0.452	7.92897963943215e-05	Obp99b	olfactory receptor neuron
7.9684706048897e-08	1.11471913765242	0.567	0.258	0.0019070143851622	Cpr72Ec	olfactory receptor neuron
1.12400144878051e-07	1.00609393832467	0.669	0.371	0.00268996026722152	hzg	olfactory receptor neuron
2.52959710969573e-20	1.25376598993463	0.343	0.004	6.05383180292382e-16	Ldh	OPN neuron
9.09726283082577e-16	1.10613860661432	0.287	0.009	2.17715694067322e-11	y	OPN neuron
1.1979423982399e-15	1.53831715399425	0.667	0.279	2.86691574746774e-11	hzg	OPN neuron
8.32023802493875e-10	1.0193512690728	0.352	0.09	1.99119936412834e-05	Dgp-1	OPN neuron
1.86616999253649e-09	1.09132366684197	0.87	0.609	4.46611802613834e-05	CG4577	OPN neuron
8.38955136151597e-06	1.42139176885849	0.324	0.142	0.2007787431838	CG33978	OPN neuron
1.82271862677904e-05	1.2111184252554	0.361	0.18	0.43621302176076	sr	OPN neuron
0.000237471343091581	-1.88908329858057	0.095	0.684	1	Obp99b	optic lobe associated cortex glial cell
0.000613269767297977	-2.19420112854142	0.19	0.737	1	MFS14	optic lobe associated cortex glial cell
0.000623957802852908	1.46591336541738	0.905	0.526	1	Eip63E	optic lobe associated cortex glial cell
0.000763910701745824	1.57377978160056	0.476	0	1	Ldh	optic lobe associated cortex glial cell
0.00106027606438965	2.01663708347681	0.524	0.053	1	FBti0059763	optic lobe associated cortex glial cell
0.00164238382785423	1.67431438710739	0.429	0	1	asRNA:CR45600	optic lobe associated cortex glial cell
0.00245351766938114	1.39420490129305	0.476	0.053	1	CG11458	optic lobe associated cortex glial cell
0.00342646342294731	1.7760314688112	0.381	0	1	Drs	optic lobe associated cortex glial cell
0.00345609350028955	1.4692780215472	0.714	0.263	1	Jupiter	optic lobe associated cortex glial cell
0.00369644224909338	1.74018753187996	0.762	0.368	1	rut	optic lobe associated cortex glial cell
2.62208137816899e-46	-1.57864502731902	0.141	0.64	6.27516515423403e-42	Obp99b	outer photoreceptor cell
1.49316275977699e-34	1.43791105225835	0.414	0.01	3.57343711669828e-30	Ldh	outer photoreceptor cell
1.36686231137349e-09	1.03291604347763	0.568	0.407	3.27117488357904e-05	hzg	outer photoreceptor cell
4.87544280794019e-147	-2.46264673604917	0.36	0.941	1.16679097279625e-142	Obp99b	photoreceptor cell
1.36744869785971e-118	2.01762784666286	0.699	0.02	3.27257822371786e-114	Ldh	photoreceptor cell
8.06180789732557e-86	1.67092362575055	0.69	0.128	1.92935186598796e-81	Dro	photoreceptor cell
1.53327717184463e-57	1.27362183458624	0.494	0.059	3.66943892765856e-53	AttC	photoreceptor cell
7.71225100218061e-57	1.28638404670133	0.569	0.141	1.84569590984186e-52	Dgp-1	photoreceptor cell
3.16001795863889e-47	1.25243424206094	0.685	0.296	7.56255497861458e-43	Mtk	photoreceptor cell
5.03466711671578e-47	-1.1810128059869	0.171	0.545	1.20489653437242e-42	TotA	photoreceptor cell
1.38417221527081e-14	1.04520504777337	0.283	0.104	3.31260094558611e-10	Hsp26	photoreceptor cell
1.01949293393694e-10	-1.60472755185607	0.575	0.877	2.43985048949788e-06	Syn1	photoreceptor-like cell
1.10044508728231e-07	-1.1737404794207	0	0.329	0.00263358518288402	RR48375-transposable-element	photoreceptor-like cell
1.77962553564534e-06	1.06977969700951	0.274	0	0.0425899983190644	CG11052	photoreceptor-like cell
1.77962553564534e-06	1.05481707702647	0.274	0	0.0425899983190644	Dro	photoreceptor-like cell
6.82034274305741e-06	1.10326284057348	0.247	0	0.16322444252685	Ldh	photoreceptor-like cell
1.83430334717179e-05	1.10137636872685	0.315	0.041	0.438985477045153	Mtk	photoreceptor-like cell
7.75538926721525e-05	1.06740235239665	0.342	0.082	1	CG43373	photoreceptor-like cell
8.65755149069125e-05	1.09461190652526	0.411	0.123	1	Drs	photoreceptor-like cell
8.88656432379053e-05	-1.19511548289754	0.027	0.247	1	FBti0019466	photoreceptor-like cell
0.00296050123954055	1.14611402115988	0.863	0.726	1	IA-2	photoreceptor-like cell
1.32606160925314e-17	2.13774649788718	0.856	0.323	3.17353064326461e-13	FBti0019603	pigment cell
3.51889495842514e-12	1.65806217112901	0.845	0.366	8.42141941450305e-08	qin	pigment cell
5.0417244306334e-10	1.60036818512229	0.402	0.032	1.20658549073919e-05	Ldh	pigment cell
2.4510206427297e-09	-1.40879803238216	0.186	0.57	5.86578260218072e-05	Obp99b	pigment cell
5.75841133250899e-09	1.36757864189189	0.402	0.054	0.000137810300009605	Dro	pigment cell
8.35104352621934e-08	-1.14102987346584	0.186	0.548	0.00199857173669481	RR48373-transposable-element	pigment cell
7.86096258790601e-07	-1.45035102927041	0.598	0.806	0.0188128556653767	CG4928	pigment cell
0.000249515840407253	-1.20036151128851	0.093	0.29	1	rols	pigment cell
0.000923119983717791	1.21815610699874	0.381	0.183	1	BomS1	pigment cell
3.23988582456285e-14	2.43296454730672	0.469	0.009	7.7536947553438e-10	Ldh	Poxn neuron
8.07253138916149e-10	1.70835459513746	0.449	0.062	1.93191821205413e-05	Dgp-1	Poxn neuron
1.4345125577082e-09	2.53764765153853	0.673	0.265	3.43307545310726e-05	hzg	Poxn neuron
3.2839576766544e-09	1.19935105861273	0.959	0.885	7.8591675117693e-05	Ald1	Poxn neuron
3.32699791150854e-09	1.08442635371495	0.286	0	7.96217140182223e-05	MFS3	Poxn neuron
1.64514847150317e-07	1.03791249963993	0.347	0.044	0.00393716932200139	Tpc1	Poxn neuron
1.47774157586058e-06	-1.41731416484912	0.061	0.442	0.0353653113934954	Obp99b	Poxn neuron
2.57576715262744e-06	1.6862241712732	0.367	0.08	0.0616432594966799	CG33978	Poxn neuron
3.20140989872977e-05	-1.13318269033672	0.204	0.54	0.766161416964009	RR48373-transposable-element	Poxn neuron
3.36230382042602e-05	1.13530208992752	0.633	0.345	0.804666550304355	Xrp1	Poxn neuron
4.13856374192893e-05	1.33699458652957	0.673	0.398	0.990441074718431	CG10960	Poxn neuron
7.91049297393394e-05	1.61523816446787	0.367	0.124	1	Tret1-1	Poxn neuron
9.43589098258377e-05	1.00915674551037	0.184	0.018	1	Dro	Poxn neuron
0.000128360743031588	1.00141750336368	0.306	0.08	1	asRNA:CR44053	Poxn neuron
0.000239945257206748	1.01345762072679	0.633	0.381	1	Pgi	Poxn neuron
0.000435846610254556	1.05844507052348	0.184	0.027	1	Proc	Poxn neuron
0.00110852882092494	-1.26574233225319	0.041	0.257	1	Tsp5D	Poxn neuron
0.00383242900807363	1.02859401632727	0.959	0.965	1	IA-2	Poxn neuron
0.00394786397997387	1.37152919846081	0.327	0.142	1	CARPB	Poxn neuron
0.00215782663783863	-1.10692064737168	0.08	0.5	1	Hcs	proximal medullary amacrine neuron Pm4
0.00290135086725353	-1.28986881501548	0.16	0.562	1	Hsp60A	proximal medullary amacrine neuron Pm4
0.00320998139630824	1.05477309482764	0.8	0.5	1	p120ctn	proximal medullary amacrine neuron Pm4
0.00355894354080763	-1.03082263781476	0	0.312	1	hook	proximal medullary amacrine neuron Pm4
0.00355894354080763	-1.00160159967476	0	0.312	1	Snx17	proximal medullary amacrine neuron Pm4
0.00420222255889451	-1.02751159389827	0.28	0.75	1	Gpdh1	proximal medullary amacrine neuron Pm4
0.00449871334662213	-1.23795397924174	0.08	0.438	1	Eps-15	proximal medullary amacrine neuron Pm4
0.00461119012945338	-1.09753773806791	0.04	0.375	1	EMC3	proximal medullary amacrine neuron Pm4
0.00470323240258773	-1.38030002756492	0.12	0.5	1	jar	proximal medullary amacrine neuron Pm4
0.00481197862035916	1.03078898477211	0.4	0	1	CG32066	proximal medullary amacrine neuron Pm4
1.36310202876421e-14	1.82575976304954	0.417	0	3.26217577523851e-10	Ldh	serotonergic neuron
2.08325347827837e-10	-1.87924415861457	0.191	0.583	4.9856422242158e-06	MFS14	serotonergic neuron
3.87049507333272e-10	-2.65521524660387	0.191	0.548	9.26286880949987e-06	h	serotonergic neuron
5.75685897807005e-10	-1.18183336713897	0.165	0.548	1.37773149063172e-05	Obp99b	serotonergic neuron
9.05285490753688e-08	1.04297348492614	0.348	0.07	0.00216652923647173	Dgp-1	serotonergic neuron
1.1776417015375e-07	1.02720932159213	0.296	0.035	0.00281833212011955	Dro	serotonergic neuron
4.06119731663728e-07	-1.46210919869868	0.096	0.374	0.00971925741817633	Marf1	serotonergic neuron
1.59491685654819e-06	-1.19519808358023	0.252	0.539	0.0381695502109113	RR48373-transposable-element	serotonergic neuron
1.73064946001718e-06	-1.57598915212041	0.043	0.27	0.0414179028771312	CG42326	serotonergic neuron
1.41251706871435e-05	-1.32330216434911	0.13	0.374	0.338043584884718	ZnT77C	serotonergic neuron
1.45825925065201e-05	-1.05809369954832	0.017	0.191	0.34899060386604	lectin-28C	serotonergic neuron
1.7527526374347e-05	-1.22007985842254	0.261	0.539	0.419468761190872	Est-6	serotonergic neuron
2.01156189000923e-05	-1.55141375466793	0.539	0.687	0.481406991517009	Tsp66E	serotonergic neuron
2.09732721438933e-05	-1.50086555882447	0.313	0.565	0.501932348947654	CG13360	serotonergic neuron
3.21203506297062e-05	-1.03476150581137	0.035	0.209	0.768704231270129	RR48399-transposable-element	serotonergic neuron
4.33258456145789e-05	-1.364225305771	0.609	0.748	1	CG17646	serotonergic neuron
7.36493373983664e-05	-1.55605025591241	0.235	0.443	1	CG3036	serotonergic neuron
7.43010668697995e-05	-1.05826726991237	0.409	0.591	1	CG17364	serotonergic neuron
9.83939970357028e-05	-1.04725391239883	0.183	0.4	1	CG9498	serotonergic neuron
0.000110973734266691	-1.18242323920358	0.226	0.435	1	Ugt49C1	serotonergic neuron
0.000186911498893063	-1.07519942766311	0.478	0.635	1	magu	serotonergic neuron
0.000353251132092105	-1.06629670047961	0.504	0.67	1	CG1213	serotonergic neuron
0.00037032830155012	-1.24627870381784	0.339	0.522	1	CG1208	serotonergic neuron
0.000371724620224618	-1.11845592244574	0.165	0.374	1	Nha2	serotonergic neuron
0.000394508573186995	1.27750902717997	0.452	0.278	1	CG10960	serotonergic neuron
0.000994979994239644	-1.27980277000518	0.2	0.383	1	CG10553	serotonergic neuron
1.17730320290428e-57	-2.12047360166842	0.129	0.625	2.81752202519053e-53	Obp99b	skeletal muscle of head
2.31811054056578e-45	1.67500902217857	0.417	0.019	5.54770214568201e-41	Ldh	skeletal muscle of head
3.20356723090748e-30	1.1535442839672	0.349	0.04	7.66677709700778e-26	Dro	skeletal muscle of head
4.71029305721931e-23	1.13175576756417	0.286	0.042	1.12726733445372e-18	Arc1	skeletal muscle of head
9.41174528955801e-17	1.01910719650818	0.459	0.198	2.25241888269702e-12	Drs	skeletal muscle of head
5.81736230781437e-16	-1.0282367502574	0.29	0.538	1.39221114750614e-11	RR48373-transposable-element	skeletal muscle of head
6.78577275517282e-10	1.70929401292905	0.305	0	1.62397113576796e-05	Ldh	T neuron T3
1.02299582884549e-07	-1.73335639123708	0.049	0.382	0.00244823361759302	Obp99b	T neuron T3
3.01717023654525e-06	1.14268301524971	0.488	0.164	0.0722069181010009	hzg	T neuron T3
1.73602033526848e-05	1.05908481187573	0.28	0.055	0.415464386636453	Drs	T neuron T3
2.94850223076171e-05	-1.27386554754407	0.098	0.355	0.705635553865892	BuGZ	T neuron T3
9.65887384065305e-05	1.07769840471023	0.439	0.191	1	CG10960	T neuron T3
0.000163194938856946	1.00603803957454	0.232	0.045	1	Pgm1	T neuron T3
0.00049574143755062	-1.05464904751592	0.049	0.227	1	CG12213	T neuron T3
0.000699930731772952	1.38119107996782	0.244	0.073	1	CG33978	T neuron T3
0.00105848089244628	-1.08013283976759	0.171	0.355	1	CG7990	T neuron T3
0.00439323443643876	-1.01971313720627	0.122	0.282	1	CG32204	T neuron T3
5.17800910343995e-11	-1.66692192976692	0.059	0.386	1.23920113863525e-06	Obp99b	T neuron T4/T5
9.98784681273546e-10	1.48290711470211	0.23	0.012	2.39029149922385e-05	Ldh	T neuron T4/T5
1.11724271956008e-06	-1.12562721020342	0.222	0.474	0.0267378527645118	RR48373-transposable-element	T neuron T4/T5
3.67134811586415e-06	1.2232220336675	0.259	0.07	0.0878627031088609	Drs	T neuron T4/T5
4.65536388240243e-09	-1.71217747206602	0.124	0.509	0.000111412168433655	RR48373-transposable-element	tm5ab
2.24544475991929e-07	-1.52915202280117	0.079	0.398	0.00537379839943886	Obp99b	tm5ab
2.31794101856811e-07	1.08964343439004	0.225	0	0.00554729644563719	Ldh	tm5ab
1.87537586401074e-06	1.6644060962931	0.236	0.019	0.044881495177505	CG33978	tm5ab
1.1581605275788e-05	1.15842537991989	0.528	0.259	0.27717097746016	CG10960	tm5ab
0.00470711012444355	1.35024389846004	0.18	0.056	1	spab	tm5ab
2.98558185195425e-08	1.35278482035549	0.387	0	0.000714509448809691	Ldh	transmedullary neuron Tm1
6.38745820399749e-08	-1.31268453557702	0.048	0.485	0.00152864649738068	Obp99b	transmedullary neuron Tm1
7.56131943258252e-06	1.5232996305475	0.565	0.227	0.180957496660565	hzg	transmedullary neuron Tm1
8.70553481241925e-06	1.52682782413001	0.355	0.045	0.208340859130818	CG33978	transmedullary neuron Tm1
8.67581033291047e-05	-1.03821202501009	0.871	0.97	1	CG17193	transmedullary neuron Tm1
0.000151808579023015	1.0712692994483	0.661	0.379	1	IscU	transmedullary neuron Tm1
8.10283349821725e-05	-1.76507073816476	0.143	0.575	1	RR48373-transposable-element	transmedullary neuron Tm2
0.000308825387641931	1.36879666503202	0.571	0.175	1	CG10960	transmedullary neuron Tm2
0.000382187793797512	1.19954089991401	0.286	0	1	Ldh	transmedullary neuron Tm2
0.0010994177715919	1.08671560759176	0.857	0.45	1	Shab	transmedullary neuron Tm2
0.00169458715110696	1.32542420517261	0.393	0.075	1	BomS2	transmedullary neuron Tm2
0.00226862088075981	1.57335839145118	0.5	0.175	1	bab1	transmedullary neuron Tm2
0.00278529931495269	-1.14310016364071	0.393	0.7	1	Cbp53E	transmedullary neuron Tm2
0.00349813070130411	1.12136889584707	0.536	0.2	1	Rab3	transmedullary neuron Tm2
0.00360603679252096	1.13287255289764	0.393	0.1	1	poe	transmedullary neuron Tm2
0.00402684039164062	1.02537597234981	0.429	0.125	1	da	transmedullary neuron Tm2
0.00484193019197851	-1.17869685185378	0.357	0.6	1	igl	transmedullary neuron Tm2
7.30223246655022e-05	-1.6669476993338	0.102	0.456	1	Obp99b	transmedullary neuron Tm20
8.36867581584105e-05	1.75025615430045	0.245	0	1	Ldh	transmedullary neuron Tm20
8.36867581584105e-05	2.01751593386518	0.245	0	1	CG33978	transmedullary neuron Tm20
8.93359594042426e-05	1.06723677167594	0.816	0.509	1	Dop2R	transmedullary neuron Tm20
0.000660762802889684	1.19989577924682	0.469	0.175	1	CG10960	transmedullary neuron Tm20
0.000790089157260351	-1.32600617488723	0.02	0.246	1	FBti0019000	transmedullary neuron Tm20
0.000792165026997534	1.25661279215307	0.184	0	1	CG4853	transmedullary neuron Tm20
0.00106525337835327	-1.06656788983955	0.082	0.351	1	Hr39	transmedullary neuron Tm20
0.00121719160218627	1.0151497733965	0.633	0.351	1	shot	transmedullary neuron Tm20
0.00134282904243723	1.1394065096619	0.408	0.14	1	hzg	transmedullary neuron Tm20
0.00140031728369743	-1.15169447129296	0.327	0.596	1	RR48373-transposable-element	transmedullary neuron Tm20
0.00190862929601174	-1.43797667712191	0.102	0.333	1	mrva	transmedullary neuron Tm20
0.00243114468922956	1.14945889702395	0.265	0.053	1	Dro	transmedullary neuron Tm20
0.00251738326872894	-1.07001206700446	0.347	0.632	1	HDAC4	transmedullary neuron Tm20
0.00332518870363702	-1.05499527779424	0.02	0.211	1	Jwa	transmedullary neuron Tm20
0.00339866782859746	1.07547317745208	0.143	0	1	Sec22	transmedullary neuron Tm20
0.0037341070113814	-1.0690396717438	0.061	0.281	1	put	transmedullary neuron Tm20
0.00393097535377823	-1.0610688790442	0	0.158	1	CG11085	transmedullary neuron Tm20
0.00494600800268053	-1.24848929670936	0.02	0.193	1	M6	transmedullary neuron Tm20
8.42818678332147e-06	-1.80260385929965	0.021	0.385	0.201703366098449	Obp99b	transmedullary neuron Tm9
3.51880761997377e-05	-1.88826540486953	0.128	0.487	0.842121039612123	RR48373-transposable-element	transmedullary neuron Tm9
0.000140810611574697	1.17577947105142	0.213	0.013	1	Dro	transmedullary neuron Tm9
0.000182252615577497	1.0308221340046	0.17	0	1	FBti0063565	transmedullary neuron Tm9
0.00049085314238687	1.05445803310714	0.149	0	1	CG5316	transmedullary neuron Tm9
0.000490915020439313	1.34888853272118	0.149	0	1	cu	transmedullary neuron Tm9
0.000490915020439313	1.07119620620169	0.149	0	1	Ldh	transmedullary neuron Tm9
0.0010202392283141	1.14746104525157	0.277	0.064	1	Rab35	transmedullary neuron Tm9
0.00184020802946554	1.04526888599773	0.383	0.141	1	hzg	transmedullary neuron Tm9
0.00251464972703451	1.06078112854028	0.149	0.013	1	FBti0020406	transmedullary neuron Tm9
0.00325192708523602	-1.20913089792141	0.043	0.244	1	Cpsf6	transmedullary neuron Tm9
0.0033824571820268	1.09281835787932	0.17	0.026	1	Pak3	transmedullary neuron Tm9
0.00350107243568161	1.08048580802332	0.106	0	1	AttC	transmedullary neuron Tm9
0.00458833541401298	1.07856878022782	0.213	0.051	1	Ref1	transmedullary neuron Tm9
0.0049985989315682	-1.18674597403383	0	0.154	1	SF1	transmedullary neuron Tm9
0.0049985989315682	-1.01179370194469	0	0.154	1	CG9795	transmedullary neuron Tm9
0.0049985989315682	-1.12800946573183	0	0.154	1	pns	transmedullary neuron Tm9
0.000636597502936974	2.23473717725732	1	0.222	1	Pli	transmedullary Y neuron TmY14
0.00202164290544262	-2.23398105230904	0.091	0.778	1	east	transmedullary Y neuron TmY14
0.00268844302028663	-1.98017085434083	0.091	0.778	1	rhea	transmedullary Y neuron TmY14
0.00407697155764141	-1.47581020084475	0.455	0.889	1	shot	transmedullary Y neuron TmY14
0.00417023004591024	1.81953069808702	0.909	0.222	1	fru	transmedullary Y neuron TmY14
0.00417023004591024	1.77891091013163	0.909	0.222	1	CG32767	transmedullary Y neuron TmY14
1.16373215344941e-06	-1.4858440656868	0.096	0.44	0.0278504378963514	Obp99b	transmedullary Y neuron TmY5a
2.33476206046959e-06	1.23846293050153	0.671	0.31	0.0558755256311583	retinin	transmedullary Y neuron TmY5a
3.23463886771675e-06	1.21200367640958	0.233	0	0.0774113773821973	Ldh	transmedullary Y neuron TmY5a
3.50515544238612e-06	-1.12785461430003	0.233	0.607	0.0838853800471846	RR48373-transposable-element	transmedullary Y neuron TmY5a
3.84775915196924e-06	1.19232888030705	0.644	0.333	0.0920845720249279	Mkp3	transmedullary Y neuron TmY5a
1.852248932384e-05	-1.37506887494729	0.041	0.31	0.443280214498139	28SrRNA-Psi:CR45859	transmedullary Y neuron TmY5a
4.29613875255242e-05	1.06354699060034	0.219	0.012	1	Dro	transmedullary Y neuron TmY5a
0.000383636941353912	-1.1266063933873	0.027	0.214	1	EndoB	transmedullary Y neuron TmY5a
0.000758478455108451	1.10637745593598	0.397	0.155	1	sr	transmedullary Y neuron TmY5a
0.00149724850547021	1.24358309384633	0.397	0.179	1	Rh7	transmedullary Y neuron TmY5a
2.62193519324857e-20	-1.50863307141838	0.057	0.361	6.27481530448248e-16	Obp99b	transmedullary Y neuron TmY8
2.24634787709158e-15	1.13849519973151	0.189	0.003	5.37595973945557e-11	Ldh	transmedullary Y neuron TmY8
4.0652867821907e-13	-1.08308887849754	0.226	0.486	9.72904432713877e-09	RR48373-transposable-element	transmedullary Y neuron TmY8
1.79856891622977e-11	1.06370404671672	0.192	0.025	4.30433513032109e-07	Mtk	transmedullary Y neuron TmY8
6.02691009700768e-11	1.13356675005324	0.259	0.069	1.44236012441588e-06	Drs	transmedullary Y neuron TmY8
1.13707117058962e-09	1.1891750943065	0.189	0.038	2.72123872545509e-05	CG33978	transmedullary Y neuron TmY8
